N,P,K,temperature,ph,Soil_moisture,Conductivity,label
90,42,43,20.87974371,6.502985292,0.125027107,7.998265534,rice
85,58,41,21.77046169,7.038096361,0.123752509,8.080644236,rice
60,55,44,23.00445915,7.840207144,0.150971441,6.623769317,rice
74,35,40,26.49109635,6.980400905,0.184504002,5.419936626,rice
78,42,42,20.13017482,7.628472891,0.130433178,7.666760989,rice
69,37,42,23.05804872,7.073453503,0.162554383,6.151787359,rice
69,55,38,22.70883798,5.70080568,0.146350852,6.832894979,rice
94,53,40,20.27774362,5.718627178,0.113784725,8.788525858,rice
89,54,38,24.51588066,6.685346424,0.140971716,7.093621514,rice
68,58,38,23.22397386,6.336253525,0.147707158,6.770152616,rice
91,53,40,26.52723513,5.386167788,0.149604539,6.684289182,rice
90,46,42,23.97898217,7.50283396,0.140331361,7.125990915,rice
78,58,44,26.80079604,5.108681786,0.154448867,6.474634746,rice
93,56,36,24.01497622,6.98435366,0.135216088,7.395569693,rice
94,50,37,25.66585205,6.94801983,0.147325149,6.787707352,rice
60,48,39,24.28209415,7.042299069,0.171987035,5.814391764,rice
85,38,41,21.58711777,6.249050656,0.137726328,7.260775884,rice
91,35,39,23.79391957,6.970859754,0.150266179,6.654857435,rice
77,38,36,21.8652524,5.953933276,0.151425513,6.603906983,rice
88,35,40,23.57943626,5.85393208,0.150794087,6.631559743,rice
89,45,36,21.32504158,6.442475375,0.131323774,7.614767453,rice
76,40,43,25.15745531,5.070175667,0.164512298,6.078572939,rice
67,59,41,21.94766735,6.012632591,0.137411182,7.277428135,rice
83,41,43,21.0525355,6.254028451,0.132051111,7.572825356,rice
98,47,37,23.48381344,7.375482851,0.134526447,7.433482551,rice
66,53,41,25.0756354,7.778915154,0.162972721,6.13599621,rice
97,59,43,26.35927159,6.286500176,0.137483777,7.273585459,rice
97,50,41,24.52922681,7.070959995,0.13579376,7.364108651,rice
60,49,44,20.77576147,6.244841491,0.142325238,7.026160725,rice
84,51,35,22.30157427,6.043304899,0.137068084,7.295644407,rice
73,57,41,21.44653958,5.824709117,0.131266313,7.61810075,rice
92,35,40,22.17931888,6.357389366,0.138798317,7.204698329,rice
85,37,39,24.52783742,6.364134968,0.158557996,6.306840542,rice
98,53,38,20.26707606,5.01450727,0.112524212,8.886976257,rice
88,54,44,25.7354293,6.149410611,0.143738867,6.957060532,rice
95,55,42,26.79533926,5.950660556,0.144767392,6.907632902,rice
99,57,35,26.75754171,5.960370061,0.145327444,6.881012807,rice
95,39,36,23.86330467,5.561398642,0.146254733,6.837385547,rice
60,43,44,21.01944696,7.416245107,0.149792156,6.675916987,rice
63,44,41,24.17298839,5.583370042,0.170087759,5.879317851,rice
62,42,36,22.78133816,6.430010215,0.169866701,5.886968978,rice
64,45,43,25.62980105,5.534878156,0.17519606,5.707890934,rice
83,60,36,25.59704938,6.903985986,0.148586868,6.730069845,rice
82,40,40,23.83067496,6.271478838,0.153275771,6.524188338,rice
85,52,45,26.31355498,7.224285503,0.150074478,6.66335818,rice
91,35,38,24.8972823,6.13428721,0.157910258,6.332710827,rice
76,49,42,24.958779,5.206373153,0.15544179,6.433276388,rice
74,39,38,23.24113501,7.782051313,0.160537318,6.229081268,rice
79,43,39,21.66628296,7.062779015,0.140784366,7.103061419,rice
88,55,45,24.63544858,7.730367824,0.136358769,7.333595096,rice
60,36,43,23.43121862,5.286203711,0.175764163,5.689441946,rice
76,60,39,20.0454142,6.766240045,0.12025951,8.315350714,rice
93,56,42,23.85724032,7.382762603,0.130142619,7.683877918,rice
65,60,43,21.97199397,5.658169482,0.136738059,7.313252834,rice
95,52,36,26.22916897,5.543360238,0.148793273,6.720733938,rice
75,38,39,23.44676801,6.215109715,0.160834,6.217590805,rice
74,54,38,25.65553461,7.120272972,0.16057551,6.227599725,rice
91,36,45,24.44345477,5.950647577,0.147927063,6.760088265,rice
71,46,40,20.2801937,7.236705436,0.135542635,7.377752393,rice
99,55,35,21.7238313,6.501697816,0.120231912,8.317259423,rice
72,40,38,20.41447029,7.592490617,0.142763135,7.004609405,rice
83,58,45,25.75528612,5.875345751,0.143845624,6.95189725,rice
93,58,38,20.61521424,6.932400225,0.114366213,8.743841162,rice
70,36,42,21.84106875,6.946209881,0.154331546,6.479556698,rice
76,47,42,20.08369642,5.739175027,0.127779978,7.825952182,rice
99,41,36,24.45802087,6.738652179,0.144647846,6.913341807,rice
99,54,37,21.14347496,5.594819626,0.116544605,8.580405756,rice
86,59,35,25.78720567,6.946636369,0.148817809,6.719625862,rice
69,46,41,23.64124821,5.012139669,0.157956719,6.330848124,rice
91,56,37,23.43191632,6.363472208,0.132782154,7.53113254,rice
61,52,41,24.97669518,6.880431223,0.168679839,5.928390772,rice
67,45,38,22.72791041,7.300410836,0.158186069,6.321669182,rice
79,42,37,24.87300744,6.587918708,0.163753212,6.106750457,rice
78,43,42,21.32376327,7.283736617,0.136955603,7.301636289,rice
75,54,36,26.29465461,7.023936392,0.165422149,6.045139693,rice
97,36,45,22.2286982,6.939083505,0.130498304,7.662934809,rice
67,47,44,26.73072391,7.868474653,0.175510911,5.697651475,rice
73,35,38,24.88921174,5.005306977,0.177323368,5.639414651,rice
77,36,37,26.88444878,6.136131869,0.185896325,5.379342485,rice
81,41,38,22.67846116,7.524080076,0.147990382,6.757195872,rice
68,57,43,26.08867875,5.706943251,0.161242135,6.201852868,rice
72,45,35,25.42977518,5.758506323,0.1738801,5.751089404,rice
61,53,43,26.40323239,6.349606327,0.174542881,5.729251125,rice
67,43,39,26.04371967,5.999969026,0.181501474,5.50959712,rice
67,58,39,25.2827223,5.453592032,0.160260502,6.239840688,rice
66,60,38,22.08576562,6.372576327,0.140766864,7.103944599,rice
82,43,38,23.28617173,5.105588355,0.148994919,6.711638286,rice
84,50,44,25.48591986,5.935344406,0.148797303,6.720551936,rice
81,53,42,23.67575393,5.17782304,0.140203147,7.132507501,rice
91,50,40,20.82477109,6.462391607,0.120578846,8.293328679,rice
93,53,38,26.92995077,7.069172227,0.151793211,6.587909929,rice
90,44,38,23.83509503,7.473134377,0.144390087,6.925683183,rice
81,45,35,26.52872817,6.158376967,0.170985889,5.848435823,rice
78,40,38,26.46428311,7.549873681,0.176053097,5.68010457,rice
60,51,36,22.69657794,6.028321558,0.16120121,6.203427363,rice
88,46,42,22.68319059,6.604993475,0.134563583,7.431431138,rice
93,47,37,21.53346343,6.500343222,0.127307703,7.854984235,rice
60,55,45,21.40865769,5.935745417,0.140054111,7.140097466,rice
78,35,44,26.54348085,7.072655622,0.175436184,5.700078391,rice
65,37,40,23.35905428,5.333322606,0.171542636,5.829454558,rice
71,54,16,22.61359953,5.749914421,0.167472337,5.971135397,maize
61,44,17,26.10018422,6.931756558,0.222132658,4.501814416,maize
80,43,16,23.55882094,6.657964753,0.176682165,5.659880836,maize
73,58,21,19.97215954,6.596060648,0.137974734,7.247703781,maize
61,38,20,18.47891261,5.970458434,0.163688341,6.109170588,maize
68,41,16,21.77689322,6.158830619,0.182215146,5.488018001,maize
93,41,17,25.6217169,6.047906679,0.176302761,5.672060918,maize
89,60,19,25.19192419,5.913664501,0.155904311,6.414190832,maize
76,44,17,20.41683147,5.855442401,0.156327237,6.396837935,maize
67,60,25,24.92162194,5.750254943,0.170536986,5.863830603,maize
70,44,19,23.31689124,5.852607099,0.182833769,5.469449145,maize
90,49,21,24.84016732,6.472523287,0.161501046,6.19191037,maize
62,52,16,22.27526694,6.967057762,0.179040515,5.585327994,maize
92,44,16,18.87751445,6.082973754,0.130773121,7.646831317,maize
66,54,21,25.19008683,5.919045532,0.185745297,5.383716401,maize
63,58,22,18.25405352,6.204747653,0.134643731,7.427007505,maize
70,47,17,24.6129118,6.600827017,0.191141133,5.231736284,maize
61,41,17,25.1420613,6.021902237,0.219681187,4.552051142,maize
66,53,19,23.09348056,6.033550195,0.174590439,5.727690512,maize
74,55,19,18.05033737,6.28886807,0.128718496,7.768891287,maize
77,57,21,24.9321581,6.550563823,0.167304246,5.977134622,maize
99,50,15,18.14710054,5.573286437,0.116750613,8.565265517,maize
74,56,22,18.28362235,6.829199275,0.126865937,7.882336484,maize
83,45,21,18.83344471,5.716222912,0.133110367,7.512562854,maize
100,48,16,25.71895816,5.54990242,0.162920477,6.137963876,maize
79,51,16,25.33797709,6.586244581,0.180397103,5.543326259,maize
94,39,18,23.89114571,5.893093135,0.164842025,6.066414208,maize
75,49,15,21.53574127,5.918263801,0.162127635,6.167979936,maize
78,48,22,23.08974909,5.588650585,0.162768575,6.143692051,maize
87,54,20,25.61707368,6.576418207,0.165323439,6.048749082,maize
87,35,25,21.44526922,6.178056304,0.152688906,6.549264282,maize
63,43,19,18.51816776,6.641906353,0.156145342,6.404289662,maize
84,57,25,22.53510514,6.489040367,0.141777742,7.053293326,maize
64,35,23,23.02038334,5.680361038,0.196888388,5.079019692,maize
60,46,22,24.89364635,6.625404348,0.202294112,4.943297606,maize
98,44,21,25.77175115,6.524478032,0.164243872,6.088507214,maize
75,56,18,19.39851734,5.696205468,0.136902801,7.304452452,maize
86,55,21,21.54156232,6.803931519,0.139145446,7.18672458,maize
98,35,18,23.79746068,6.252797548,0.164221594,6.089333176,maize
76,57,18,18.9802729,6.092725883,0.132319688,7.557454333,maize
99,56,17,24.10859207,6.234330356,0.145980186,6.85024471,maize
60,44,23,24.7947077,5.722579819,0.203107935,4.923490565,maize
74,48,17,21.63162756,6.430616465,0.162817464,6.141847272,maize
89,60,17,25.37548751,5.983952675,0.158888479,6.293722531,maize
69,51,23,22.21738222,6.80163854,0.162359316,6.15917844,maize
96,46,22,20.58314011,6.499936446,0.131604513,7.598523624,maize
61,60,15,24.87502824,6.265564338,0.190257561,5.256032911,maize
74,58,18,20.03728219,6.727303282,0.140248548,7.130198599,maize
74,43,23,25.95263264,6.325235159,0.192518805,5.194297784,maize
63,43,17,19.28889933,6.807487794,0.164950401,6.062428424,maize
99,36,20,20.57981887,6.671085817,0.139224638,7.182636747,maize
77,36,23,24.71417533,6.648725327,0.189074819,5.288911593,maize
87,60,23,20.27317074,6.439071996,0.125136298,7.991286399,maize
60,38,17,18.41932981,6.474476516,0.168863737,5.921934543,maize
94,54,17,23.39128187,5.871647806,0.147825951,6.764712116,maize
95,38,22,19.84939404,5.730617109,0.13451222,7.434268819,maize
84,44,21,21.869274,5.850439831,0.15348506,6.51529209,maize
77,58,19,22.8056033,5.791649933,0.15458184,6.469065205,maize
66,44,20,19.0781471,6.740000688,0.154447285,6.474701045,maize
63,35,16,22.02720976,6.272417541,0.201993068,4.950664939,maize
79,45,20,23.80546189,5.715208817,0.172260152,5.805173096,maize
72,60,25,18.52510753,5.773454729,0.124363742,8.040928828,maize
67,51,24,23.50297882,5.584171461,0.172556189,5.795213759,maize
86,36,24,26.54986394,5.787268394,0.188697698,5.299481708,maize
76,48,18,19.29563411,5.77597783,0.142927001,6.996578635,maize
75,53,18,20.68899915,6.864793607,0.148554789,6.731523156,maize
81,45,23,19.32666088,6.192360003,0.136420543,7.330274307,maize
73,45,21,24.60532218,6.636803223,0.184210951,5.428558915,maize
71,35,24,22.27373646,5.826426917,0.179028742,5.585695285,maize
96,54,22,25.70196694,6.960358276,0.155243994,6.441473034,maize
99,39,18,19.20129357,6.11275104,0.129495472,7.722277757,maize
62,48,20,21.70181447,6.708446922,0.174629342,5.726414519,maize
86,37,16,20.51716779,5.561510732,0.154799768,6.459957991,maize
94,50,19,23.30355338,5.873242491,0.149101554,6.706838192,maize
76,39,24,24.2547451,6.995843776,0.181688814,5.503916173,maize
77,52,17,24.86374934,5.714799723,0.177148968,5.644966555,maize
74,39,23,22.6265115,6.78073637,0.173724349,5.756245479,maize
81,49,20,18.04185513,5.513697923,0.126945701,7.877383741,maize
63,42,21,23.26237612,5.798423908,0.192558541,5.193225897,maize
99,38,21,22.88330922,6.352471866,0.151160185,6.615498654,maize
90,52,25,25.97482359,6.822586546,0.16152589,6.190958004,maize
68,40,19,26.14384005,6.655426355,0.213731024,4.678777939,maize
60,57,24,18.66116213,6.121294041,0.139440866,7.171498768,maize
71,52,18,25.10787449,5.790770203,0.18516223,5.400669444,maize
61,59,17,23.33844615,6.47444292,0.177652892,5.628954254,maize
88,38,15,25.08239719,6.455116637,0.18498154,5.405944821,maize
65,60,22,25.36768364,6.606984086,0.179371998,5.575006209,maize
78,37,22,25.34217103,6.330554389,0.192278621,5.200786216,maize
78,58,15,25.00933355,6.528631266,0.172247242,5.805608195,maize
92,60,23,18.66746724,5.721667141,0.112385527,8.897942875,maize
79,59,17,20.37999665,6.644205485,0.137935462,7.249767273,maize
91,55,15,18.09300227,6.376651091,0.118590076,8.432408781,maize
76,51,18,26.16985907,6.247040422,0.187378338,5.336796176,maize
87,48,25,18.65396672,6.656730008,0.122837292,8.140850256,maize
71,60,22,26.07470121,6.2048017,0.176958831,5.651031892,maize
90,57,24,18.92851916,6.158860284,0.116541048,8.580667667,maize
67,35,22,23.30546753,6.385684214,0.196011835,5.101732762,maize
60,54,19,18.74826712,6.417820493,0.148483211,6.734768129,maize
83,58,23,19.74213321,6.381201909,0.126476422,7.906612032,maize
83,57,19,25.73044432,6.877869005,0.168116002,5.94827374,maize
40,72,77,17.02498456,7.485996067,0.095370289,10.48544587,chickpea
23,72,84,19.02061277,6.920251378,0.111846999,8.940785282,chickpea
39,58,85,17.88776475,5.996932037,0.103778927,9.635867579,chickpea
22,72,85,18.86805647,6.391173589,0.110994729,9.009436845,chickpea
36,67,77,18.36952567,7.152811172,0.107608476,9.292948267,chickpea
32,73,81,20.45078582,5.988992796,0.115326805,8.671011009,chickpea
58,70,84,20.6543203,6.231049028,0.10214302,9.790194154,chickpea
59,70,84,17.3348681,7.550808267,0.086079193,11.61720929,chickpea
42,62,75,18.17912258,7.010570541,0.107145936,9.333065121,chickpea
28,74,81,18.01272266,8.753795334,0.103894659,9.625133826,chickpea
58,66,79,20.99373558,8.718192847,0.108343525,9.229900908,chickpea
43,66,79,19.46233971,7.976607593,0.108842233,9.187610149,chickpea
58,63,81,19.81344531,6.515499549,0.103036858,9.70526489,chickpea
23,62,85,18.97424756,8.490127142,0.117495574,8.510958898,chickpea
27,62,77,18.19737048,6.576415562,0.11564681,8.647017578,chickpea
28,72,84,18.72963144,6.481783043,0.107226258,9.326073858,chickpea
50,56,76,20.99502153,7.966605025,0.120851767,8.274599766,chickpea
39,71,84,20.28155898,8.140825437,0.109698758,9.115873521,chickpea
25,78,76,17.48042641,7.228963452,0.103242606,9.685923692,chickpea
31,70,77,20.88818675,6.492546046,0.122967341,8.132240557,chickpea
26,80,83,17.08498521,7.528599957,0.095687752,10.45065826,chickpea
25,68,77,20.09340593,7.701446446,0.124078858,8.05939072,chickpea
31,78,76,17.57212145,8.519975748,0.100389846,9.961166822,chickpea
60,68,83,19.12065218,6.620900869,0.095358541,10.48673761,chickpea
59,62,83,18.57665902,8.104396058,0.095964015,10.42057277,chickpea
22,67,78,17.16606398,6.204090835,0.108778826,9.192965531,chickpea
36,65,80,18.2872007,6.051091339,0.10655912,9.384461893,chickpea
59,60,84,19.03025305,7.690962338,0.098671197,10.13466977,chickpea
54,77,85,17.1418614,7.829211144,0.083990099,11.90616526,chickpea
43,68,81,17.47809436,6.761599706,0.096240075,10.39068187,chickpea
28,76,82,20.56601874,6.654425315,0.115946337,8.624679513,chickpea
42,79,85,17.22385224,6.129533877,0.088465302,11.30386689,chickpea
32,60,83,19.69141713,8.829273328,0.118236669,8.457613072,chickpea
22,78,76,17.84851658,8.621662982,0.107093844,9.337604859,chickpea
31,79,75,18.8202251,8.204862075,0.107136352,9.333900047,chickpea
28,58,81,17.47500984,6.18042747,0.110628801,9.039237405,chickpea
57,58,77,18.72649425,7.978996755,0.102742158,9.733102982,chickpea
49,55,78,18.65580107,7.863113671,0.107998907,9.259352969,chickpea
46,76,77,18.2356751,6.967843048,0.096661684,10.34536084,chickpea
54,61,77,18.81198127,6.206582193,0.103187402,9.691105467,chickpea
38,60,76,18.65054116,8.868741443,0.112934145,8.854717974,chickpea
59,55,79,20.36720401,8.766128654,0.110710902,9.032534154,chickpea
36,76,75,18.38120357,8.736337905,0.1036428,9.648523598,chickpea
57,68,81,17.17012591,8.081095263,0.088204495,11.33729073,chickpea
35,66,81,19.37101121,6.138243973,0.111928633,8.934264388,chickpea
35,64,78,17.92845928,7.496645259,0.106940448,9.350998799,chickpea
52,60,79,19.45339934,8.380185271,0.10708586,9.338301024,chickpea
27,76,83,19.12829388,6.289614016,0.108216634,9.240723586,chickpea
57,60,84,19.1034283,6.586777189,0.100017056,9.998294669,chickpea
52,68,78,17.48504075,6.89655198,0.093358792,10.711364,chickpea
43,79,79,19.40751744,7.806747656,0.101529938,9.849311686,chickpea
44,74,85,20.18649426,7.150681303,0.104366967,9.581575768,chickpea
24,55,78,17.30287885,6.64919573,0.116578846,8.577885549,chickpea
29,77,75,17.50361137,7.778591618,0.102229897,9.781874272,chickpea
20,60,78,18.17234999,6.358740355,0.121343987,8.241034619,chickpea
56,67,78,17.57445618,8.255450758,0.09241023,10.82131278,chickpea
37,66,85,20.93175255,6.456148474,0.116658258,8.572046378,chickpea
49,71,76,19.71098332,6.613072145,0.105668282,9.463577705,chickpea
59,69,80,19.07937684,8.165359297,0.096535466,10.35888721,chickpea
20,79,77,18.54988627,7.64867466,0.111078899,9.002609916,chickpea
24,56,85,18.19903647,6.545888558,0.116357797,8.594181289,chickpea
51,72,75,18.88852533,7.104224797,0.100447098,9.955489244,chickpea
57,73,85,18.49311205,7.358099622,0.090665637,11.02953697,chickpea
22,64,82,19.48974337,6.4740245,0.121962758,8.199224215,chickpea
52,73,79,17.25769499,7.840339389,0.089498505,11.17337101,chickpea
29,75,75,19.62416326,7.064790365,0.115218789,8.679139985,chickpea
44,59,78,20.67526473,7.599033472,0.119752844,8.350532381,chickpea
41,69,82,20.02381489,6.715587232,0.109499036,9.1325005,chickpea
52,56,85,20.1187446,6.81712422,0.109423547,9.138800798,chickpea
34,76,80,20.65691793,7.985417393,0.113983779,8.773178188,chickpea
42,74,83,19.2582557,7.545258424,0.10180028,9.823155702,chickpea
34,71,79,17.927806,7.728998197,0.102868511,9.721147818,chickpea
27,73,79,19.16288268,7.354973451,0.112641803,8.877698831,chickpea
30,70,79,20.26942271,7.313122235,0.118823591,8.415837253,chickpea
57,57,75,17.09104223,7.785039076,0.0957198,10.4471593,chickpea
27,79,82,17.06579293,6.307004923,0.096094643,10.40640733,chickpea
32,71,85,20.62767492,6.403982316,0.115040824,8.692566385,chickpea
31,76,82,20.8248451,7.599279991,0.115475371,8.659855277,chickpea
33,75,84,19.46210401,7.217018459,0.106573458,9.383199299,chickpea
47,80,77,17.18248372,7.561108006,0.089129822,11.21958931,chickpea
54,62,80,17.48911699,7.489545074,0.09433223,10.60083075,chickpea
47,79,78,17.48395377,6.609696734,0.090607617,11.03659977,chickpea
35,57,83,19.48316794,7.476800943,0.117046674,8.543600312,chickpea
53,73,77,19.71359733,7.325451279,0.102037425,9.800325688,chickpea
45,61,78,19.48649305,6.489389282,0.111339636,8.981527465,chickpea
37,78,79,19.95264829,7.786366322,0.108003342,9.258972771,chickpea
30,75,81,19.41789736,6.408437886,0.109773642,9.109654962,chickpea
37,55,82,19.45591848,8.423873703,0.11756275,8.506095689,chickpea
53,65,76,20.19137759,8.719960893,0.109233905,9.154666759,chickpea
22,60,85,18.8392908,7.811997977,0.118798149,8.417639606,chickpea
60,61,78,20.71219282,6.317153205,0.109106497,9.165357071,chickpea
42,67,77,18.99424448,7.114405288,0.107495938,9.302677087,chickpea
39,76,76,19.96837462,8.135900726,0.109782066,9.108955914,chickpea
35,63,76,17.81564548,7.714153038,0.108135894,9.247623218,chickpea
30,65,82,20.71424384,7.103798069,0.122679344,8.151331509,chickpea
57,56,78,17.34150229,8.861479668,0.096028808,10.41354176,chickpea
48,65,78,17.43732714,7.861128148,0.096530509,10.35941916,chickpea
36,56,83,18.89780215,7.4526709,0.113701727,8.794941204,chickpea
40,58,75,18.59190771,7.168096055,0.113248021,8.830176344,chickpea
49,69,82,18.31561493,7.26311855,0.096578075,10.354317,chickpea
13,60,25,17.13692774,5.68597166,0.185070691,5.403340709,kidneybeans
25,70,16,19.63474332,5.759237003,0.185898588,5.379276993,kidneybeans
31,55,22,22.91350245,5.873171894,0.221421319,4.516276954,kidneybeans
40,64,16,16.43340342,5.926676985,0.145278362,6.883337528,kidneybeans
2,61,20,22.13974653,5.95561668,0.278792127,3.586901866,kidneybeans
26,65,22,17.84806561,5.949949081,0.166797041,5.9953102,kidneybeans
17,57,21,19.88394011,5.789214289,0.219830949,4.54895003,kidneybeans
26,80,18,19.32509638,5.581021521,0.163912068,6.100832079,kidneybeans
17,59,17,18.4167001,5.689858133,0.208781722,4.789691324,kidneybeans
27,59,22,21.81167649,5.794158504,0.211219227,4.734417483,kidneybeans
28,58,24,19.72702528,5.748190463,0.188427503,5.307080901,kidneybeans
25,57,19,17.15432954,5.566522896,0.179745837,5.563411184,kidneybeans
28,80,17,19.62207826,5.809419584,0.164976626,6.061464728,kidneybeans
25,60,22,21.63149148,5.887263027,0.211509266,4.727925249,kidneybeans
12,78,23,16.06522754,5.99812453,0.151019713,6.621652113,kidneybeans
6,77,25,20.61162204,5.792744849,0.200107611,4.99731116,kidneybeans
22,79,17,21.42451099,5.912289889,0.190038229,5.26209914,kidneybeans
27,80,15,19.07096165,5.788386951,0.164516079,6.078433217,kidneybeans
10,55,23,21.18853178,5.728233081,0.252142407,3.966012753,kidneybeans
23,65,20,23.0429097,5.833940084,0.222619534,4.49196879,kidneybeans
19,78,16,20.65375833,5.967533236,0.19162618,5.218493634,kidneybeans
19,65,25,18.09551014,5.625096446,0.175188166,5.708148104,kidneybeans
22,70,19,18.23775702,5.515615023,0.173313126,5.769903419,kidneybeans
37,64,22,17.48189735,5.954665349,0.150259328,6.655160867,kidneybeans
11,71,17,19.9191786,5.74644777,0.211304834,4.732499392,kidneybeans
18,79,20,20.27514686,5.877347515,0.181838862,5.499374494,kidneybeans
21,63,17,15.77370214,5.979973965,0.166076259,6.021330244,kidneybeans
24,80,22,16.71170642,5.635993966,0.140569099,7.113939053,kidneybeans
34,60,22,17.66148158,5.635231778,0.160874841,6.216012352,kidneybeans
16,75,21,18.50692825,5.679224346,0.174169002,5.7415498,kidneybeans
17,77,23,24.51324787,5.670062975,0.218061948,4.585852832,kidneybeans
37,72,18,18.87614998,5.724242065,0.156505118,6.389567403,kidneybeans
40,73,20,21.59343016,5.811314232,0.169875415,5.886667012,kidneybeans
9,77,17,20.12373284,5.783425416,0.205084785,4.876032128,kidneybeans
1,62,23,15.43546065,5.607808432,0.191110008,5.232588355,kidneybeans
33,59,22,22.64236876,5.946999529,0.2073892,4.821851869,kidneybeans
23,59,19,21.98560799,5.852046999,0.227580277,4.394053881,kidneybeans
6,62,22,20.53052663,5.824090984,0.239228074,4.180111409,kidneybeans
25,63,20,15.78601387,5.502999119,0.155426054,6.433927723,kidneybeans
7,79,23,19.6365349,5.821649914,0.189326008,5.281894491,kidneybeans
8,72,17,20.57341244,5.711439256,0.222406314,4.496275231,kidneybeans
27,64,15,20.16080524,5.514927264,0.199630238,5.009261169,kidneybeans
28,66,23,21.53989176,5.99616119,0.192648648,5.190796888,kidneybeans
32,57,18,15.53834801,5.695422863,0.154564,6.469811854,kidneybeans
27,56,22,19.91853092,5.833010958,0.199224104,5.019472945,kidneybeans
17,77,24,20.76952209,5.568456899,0.184487475,5.420422162,kidneybeans
0,65,15,23.46168338,5.645435626,0.305771042,3.270420876,kidneybeans
13,72,21,24.32116642,5.821194486,0.238878928,4.186221055,kidneybeans
34,60,23,20.12574053,5.659254981,0.180561885,5.538267396,kidneybeans
9,80,19,21.80619564,5.945465949,0.211168478,4.735555272,kidneybeans
11,72,20,19.52226241,5.951177452,0.199245266,5.01893982,kidneybeans
3,67,24,17.00067625,5.520880014,0.191496556,5.222026034,kidneybeans
35,69,23,16.78791503,5.578410206,0.140062323,7.139678809,kidneybeans
3,77,25,24.84906168,5.608165195,0.24618154,4.062042998,kidneybeans
23,62,19,16.51783455,5.609435128,0.168440717,5.936806841,kidneybeans
22,71,17,18.15300153,5.509295379,0.174118196,5.743225146,kidneybeans
31,79,25,23.18864385,5.902033406,0.17917514,5.581131412,kidneybeans
34,59,18,23.38002569,5.744117663,0.219639871,4.552907426,kidneybeans
12,63,17,18.358923,5.717143397,0.210423076,4.752330489,kidneybeans
27,56,20,19.25975367,5.542690119,0.196696638,5.083970994,kidneybeans
7,63,24,22.95458237,5.858617867,0.254835983,3.924092624,kidneybeans
24,67,22,20.120043,5.618844277,0.186903035,5.350367895,kidneybeans
11,71,24,21.14011423,5.606620346,0.208869002,4.787689842,kidneybeans
37,74,15,24.92360104,5.582178402,0.205742865,4.860435856,kidneybeans
25,76,24,15.33042636,5.56503533,0.130643411,7.654423543,kidneybeans
34,66,17,18.81097271,5.889614577,0.169324553,5.905818039,kidneybeans
20,69,15,23.44260668,5.934136378,0.235025064,4.254865341,kidneybeans
37,65,16,22.8352024,5.683548308,0.201993241,4.950660708,kidneybeans
18,74,15,24.9035819,5.70836603,0.24208955,4.130702866,kidneybeans
4,67,25,23.78709569,5.948164454,0.258198913,3.872982991,kidneybeans
37,56,25,22.05592283,5.774755144,0.195389177,5.11799076,kidneybeans
5,59,15,18.87492997,5.97229163,0.251581392,3.974856773,kidneybeans
11,61,21,18.62328774,5.532100554,0.211003094,4.739266999,kidneybeans
22,80,20,23.00884744,5.669560726,0.196793831,5.081460087,kidneybeans
12,61,19,19.33162606,5.655726817,0.220995935,4.5249701,kidneybeans
5,74,21,16.24469193,5.591704014,0.172446919,5.798885849,kidneybeans
27,69,22,17.91652287,5.932323085,0.160309516,6.237932881,kidneybeans
31,75,18,15.46789263,5.824208309,0.132805586,7.529803769,kidneybeans
36,68,20,17.06104474,5.86442953,0.145653587,6.865605051,kidneybeans
5,65,16,21.32776028,5.866744372,0.25962512,3.851707423,kidneybeans
32,79,15,23.90910104,5.706198621,0.197691278,5.058392103,kidneybeans
11,78,22,23.89756791,5.940546818,0.224302414,4.458266783,kidneybeans
0,55,22,22.98666928,5.916779289,0.311515185,3.210116382,kidneybeans
14,59,15,21.35135729,5.779090476,0.253992696,3.937121082,kidneybeans
29,68,23,24.1638445,5.82738029,0.209698704,4.768746683,kidneybeans
32,68,19,24.62835037,5.514234138,0.215364289,4.643295346,kidneybeans
17,64,17,21.02213209,5.662699104,0.224715634,4.450068667,kidneybeans
13,69,19,17.30844532,5.86390397,0.181271736,5.516579821,kidneybeans
14,67,22,23.82576704,5.624690248,0.241026864,4.14891511,kidneybeans
9,69,20,19.30607278,5.591560999,0.207204824,4.826142458,kidneybeans
20,73,22,16.03768615,5.976312538,0.148153793,6.749742834,kidneybeans
40,78,20,19.18572809,5.669236258,0.146273392,6.836513371,kidneybeans
27,72,23,19.92889503,5.961934481,0.17154832,5.829261403,kidneybeans
14,67,15,19.56376468,5.690065688,0.214205882,4.668405883,kidneybeans
7,56,18,18.31357543,5.698371311,0.238439203,4.193941215,kidneybeans
27,65,18,20.10993761,5.59503163,0.191908524,5.210815969,kidneybeans
30,63,16,23.60506572,5.525904526,0.225734548,4.429982071,kidneybeans
37,70,25,19.73136909,5.819403771,0.157055826,6.3671627,kidneybeans
27,63,19,20.93409877,5.562201934,0.201230264,4.969431438,kidneybeans
22,60,24,18.78226261,5.630664753,0.186625119,5.358335499,kidneybeans
3,72,24,36.51268371,6.03160778,0.378915997,2.639107369,pigeonpeas
40,59,23,36.89163721,5.269084669,0.31058719,3.219707803,pigeonpeas
33,73,23,29.23540524,5.985792703,0.234382986,4.266521284,pigeonpeas
27,57,24,27.33534897,6.09186275,0.262364342,3.811493556,pigeonpeas
10,79,18,21.0643684,5.624731338,0.20620905,4.849447673,pigeonpeas
30,75,25,30.33276599,6.446091759,0.241021277,4.149011295,pigeonpeas
40,70,20,31.80130272,5.623490043,0.252317713,3.963257225,pigeonpeas
38,55,19,33.18184225,5.864623352,0.30519502,3.276593438,pigeonpeas
35,58,20,29.38538562,5.761702519,0.268897218,3.71889307,pigeonpeas
38,61,21,30.27374995,4.696518678,0.260614583,3.837083822,pigeonpeas
33,58,24,35.45790488,5.269504214,0.31702526,3.154322783,pigeonpeas
16,56,17,33.80020039,7.445444883,0.391013488,2.557456538,pigeonpeas
31,72,17,28.69180475,5.833031708,0.247431706,4.041519234,pigeonpeas
16,80,20,31.24021696,7.339320929,0.277932905,3.597990676,pigeonpeas
27,72,17,28.98039357,6.347929353,0.258451669,3.86919537,pigeonpeas
40,62,19,27.32198928,4.697750704,0.234066027,4.272298771,pigeonpeas
18,58,16,21.47607807,4.962661422,0.244305196,4.09324081,pigeonpeas
3,68,16,18.31910448,4.964887857,0.222058672,4.503314328,pigeonpeas
26,67,24,36.97794384,5.642813116,0.324597811,3.080735505,pigeonpeas
16,70,20,24.80467592,5.6093956,0.243440339,4.107782649,pigeonpeas
24,63,19,19.3479443,4.681576043,0.191961739,5.209371445,pigeonpeas
9,76,25,28.88302142,5.70951224,0.271663831,3.681020016,pigeonpeas
16,55,19,19.54314136,6.413543781,0.228257126,4.381024227,pigeonpeas
28,75,21,24.7741949,6.007508163,0.20785641,4.811013515,pigeonpeas
16,71,24,18.33124824,4.946369874,0.17415539,5.741998583,pigeonpeas
24,70,21,19.14729038,5.517208078,0.175193829,5.707963594,pigeonpeas
38,72,21,28.23416057,5.902103172,0.223161531,4.481059057,pigeonpeas
9,66,21,30.11812084,5.719889876,0.324147092,3.085019192,pigeonpeas
34,56,17,33.4126864,4.548202098,0.321613892,3.109318429,pigeonpeas
1,76,19,24.18553163,6.669529416,0.262349288,3.811712272,pigeonpeas
6,69,19,26.88630675,4.750929218,0.296662838,3.370830022,pigeonpeas
26,73,21,31.33170829,4.946263888,0.269430902,3.711526744,pigeonpeas
27,61,18,33.30711818,5.266227032,0.323652058,3.089737804,pigeonpeas
27,71,23,23.45379018,7.10959773,0.20209744,4.948108212,pigeonpeas
36,61,21,34.53823889,5.617008201,0.301171516,3.320367122,pigeonpeas
17,73,18,19.50112224,5.632353113,0.189825206,5.268004294,pigeonpeas
26,72,22,28.76794904,4.674941549,0.248066242,4.031181316,pigeonpeas
17,64,16,30.97758716,7.161797643,0.329665847,3.033374579,pigeonpeas
14,74,19,18.39759147,6.624966131,0.181285902,5.516148753,pigeonpeas
39,60,15,35.09357419,5.004074624,0.3166103,3.158456943,pigeonpeas
6,66,15,34.93174223,6.345806011,0.413008531,2.42125749,pigeonpeas
8,59,18,29.50523036,6.216814453,0.358885063,2.786407413,pigeonpeas
2,67,18,34.51934775,5.921666758,0.408268365,2.449369302,pigeonpeas
1,76,17,28.43430726,6.012719118,0.313130928,3.193552312,pigeonpeas
16,73,19,18.41645629,4.684079249,0.179782003,5.562292026,pigeonpeas
23,75,25,31.07508973,7.077170002,0.260773087,3.834751548,pigeonpeas
32,70,20,20.89342749,6.208843215,0.179454324,5.572448629,pigeonpeas
28,59,22,30.90607799,7.05181629,0.292716312,3.416276988,pigeonpeas
5,62,23,27.9348279,4.722222454,0.321498088,3.110438407,pigeonpeas
36,67,25,35.95176642,6.418062652,0.288685675,3.463975133,pigeonpeas
1,66,23,19.54317155,4.803564468,0.228257462,4.381017789,pigeonpeas
24,73,20,19.63736208,4.608695247,0.17638771,5.669329227,pigeonpeas
17,67,18,31.2192752,5.611510977,0.315875247,3.165806784,pigeonpeas
5,55,18,33.50876355,7.322097972,0.442420046,2.260295414,pigeonpeas
5,56,24,24.80710166,5.023115055,0.303612961,3.293667035,pigeonpeas
37,77,17,36.20970524,5.617122801,0.284043551,3.520586878,pigeonpeas
13,73,20,30.50420876,5.391560418,0.297209517,3.364629812,pigeonpeas
6,63,23,26.01630259,5.906596905,0.293655463,3.405351258,pigeonpeas
16,77,22,31.48469278,6.574209678,0.282475589,3.540128909,pigeonpeas
25,64,20,33.15122581,4.807776749,0.313313998,3.191686313,pigeonpeas
34,75,24,23.50222822,4.760038039,0.18422728,5.428077757,pigeonpeas
20,77,23,34.87248659,5.180271502,0.298937388,3.345182099,pigeonpeas
35,80,25,28.09269012,4.895927306,0.207804929,4.812205383,pigeonpeas
14,75,24,24.54757829,6.436160044,0.226084764,4.423119824,pigeonpeas
36,80,21,33.64769646,7.066087261,0.252902894,3.954086822,pigeonpeas
7,77,18,20.5591255,6.655918078,0.211363975,4.731175205,pigeonpeas
29,78,25,19.95991719,5.982854523,0.158787251,6.297734805,pigeonpeas
30,60,21,28.87667593,5.457871273,0.269159243,3.715272752,pigeonpeas
20,74,16,36.04353699,4.759490199,0.336759427,2.96947886,pigeonpeas
19,57,23,23.6734328,7.342409555,0.249226594,4.012412898,pigeonpeas
3,60,19,25.74679443,4.820788186,0.32618042,3.065787948,pigeonpeas
5,77,19,31.08564994,6.242052013,0.317679702,3.147824656,pigeonpeas
5,68,20,18.72987676,5.001038726,0.212149212,4.713663503,pigeonpeas
37,73,21,29.50304807,5.560224583,0.232847695,4.294652774,pigeonpeas
9,59,24,20.43517772,4.747352458,0.232991062,4.292010134,pigeonpeas
20,72,15,36.00415838,7.313517308,0.345833256,2.891566913,pigeonpeas
31,56,23,31.46846241,5.661826398,0.29516784,3.387902963,pigeonpeas
0,70,21,36.30049702,4.672437054,0.409895572,2.439645776,pigeonpeas
21,74,15,29.49096726,6.471862118,0.277190611,3.607625795,pigeonpeas
13,67,18,30.5753044,5.384762927,0.322196984,3.103691377,pigeonpeas
27,74,20,24.69487673,5.859813416,0.212354353,4.709109963,pigeonpeas
29,72,24,23.17409556,6.962386495,0.193392764,5.170824269,pigeonpeas
5,68,20,19.04380471,6.12166671,0.215524782,4.639837663,pigeonpeas
39,57,19,29.32379604,6.421748487,0.263685183,3.792401184,pigeonpeas
22,62,16,34.6455408,4.828936119,0.356455408,2.805399996,pigeonpeas
18,55,23,21.9989826,6.98571967,0.239572735,4.174097684,pigeonpeas
39,77,21,22.99774444,4.603563116,0.175166018,5.708869862,pigeonpeas
13,75,20,30.55992394,6.979540061,0.292221518,3.422061479,pigeonpeas
27,71,24,31.46417866,7.064973419,0.266099825,3.75798819,pigeonpeas
26,64,22,25.95058595,5.16516459,0.240630232,4.155753801,pigeonpeas
23,55,16,21.01142393,5.111488821,0.234164084,4.270509727,pigeonpeas
4,69,19,19.25100056,5.374358869,0.220119571,4.542985406,pigeonpeas
20,67,19,19.24462755,5.671419084,0.190987052,5.235957033,pigeonpeas
7,74,17,22.47253208,5.667419697,0.239515633,4.175092813,pigeonpeas
17,64,18,36.75087487,6.07938452,0.381321968,2.62245578,pigeonpeas
35,71,17,29.89286629,6.931924963,0.251161515,3.981501711,pigeonpeas
11,72,22,29.37735586,6.842744374,0.289308151,3.456522038,pigeonpeas
20,60,22,29.65052947,6.876572503,0.300495387,3.327838108,pigeonpeas
10,71,18,19.54284889,6.151029296,0.207503524,4.81919526,pigeonpeas
33,61,24,20.04611791,4.567446499,0.178356931,5.60673472,pigeonpeas
3,49,18,27.91095209,3.692863601,0.413013601,2.421227768,mothbeans
22,59,23,27.32220619,4.371745575,0.272328906,3.672030325,mothbeans
36,58,25,28.66024187,8.399135958,0.24924573,4.012104841,mothbeans
4,43,18,29.02955344,8.840656256,0.46199313,2.164534352,mothbeans
29,54,16,27.78031515,8.153022903,0.290710254,3.439851144,mothbeans
32,43,22,31.99928579,5.270749441,0.340198823,2.939457557,mothbeans
14,55,15,27.33580911,8.050304395,0.337331061,2.964446848,mothbeans
5,35,20,28.92952635,9.679240873,0.498825439,2.004709306,mothbeans
25,57,24,27.65472156,6.974978386,0.270327562,3.699215844,mothbeans
11,53,24,28.52396666,7.39389918,0.335499621,2.980629297,mothbeans
40,49,17,31.02215872,6.68727523,0.302095837,3.310207813,mothbeans
38,56,25,25.74095321,7.88118645,0.224713893,4.450103146,mothbeans
27,43,23,31.70447482,5.875333778,0.35166102,2.843647559,mothbeans
24,38,22,24.47876451,8.202706015,0.303318625,3.296863157,mothbeans
23,45,21,31.46511256,8.985348193,0.364776546,2.741404326,mothbeans
29,57,20,25.60973447,5.87707519,0.251035231,3.983504613,mothbeans
31,35,23,30.30260453,7.707595055,0.351714658,2.84321389,mothbeans
0,55,25,28.17489437,4.524171562,0.36468618,2.742083621,mothbeans
7,45,22,25.50634557,9.926212291,0.358193859,2.791784322,mothbeans
17,58,25,31.12896766,6.455592696,0.321289677,3.112456057,mothbeans
11,44,17,26.34043268,8.016210782,0.379728232,2.633462347,mothbeans
22,49,22,28.23494706,3.71105919,0.314354269,3.181124283,mothbeans
9,51,19,27.04453473,5.49091063,0.354994111,2.816948142,mothbeans
28,48,15,25.16125354,9.254089438,0.287486303,3.478426592,mothbeans
26,50,19,27.3179125,6.005242945,0.298083289,3.354767058,mothbeans
36,56,20,25.4123765,7.437078236,0.23582479,4.240436297,mothbeans
8,60,18,31.21629982,3.808429173,0.374608137,2.66945616,mothbeans
24,37,21,30.573999,5.818219385,0.385048768,2.597073624,mothbeans
22,43,24,25.42517036,4.52363558,0.296912027,3.368000993,mothbeans
36,43,24,27.09400578,3.510404312,0.272757338,3.666262505,mothbeans
22,44,24,24.30935081,6.030447288,0.281215009,3.555997966,mothbeans
17,43,22,30.06142622,5.498340808,0.378797881,2.639930292,mothbeans
8,45,15,28.09568993,4.61136408,0.427877793,2.337115915,mothbeans
7,56,23,26.33908791,5.545219232,0.317896371,3.145679193,mothbeans
36,57,16,28.61409059,8.292875734,0.271688904,3.680680306,mothbeans
11,45,19,28.70012137,3.828031463,0.396001618,2.525242206,mothbeans
6,36,22,24.21610338,8.869532817,0.394001615,2.538060661,mothbeans
17,57,20,28.50677929,3.793575185,0.313901907,3.185708582,mothbeans
4,47,20,25.97948991,4.193189124,0.379992816,2.631628702,mothbeans
9,49,16,30.88482722,7.661537348,0.430876044,2.320853097,mothbeans
25,51,24,25.5042419,9.392694614,0.265042419,3.772980958,mothbeans
36,44,21,25.12528913,4.516154055,0.258666229,3.865985923,mothbeans
21,38,20,27.10508014,5.794289715,0.355760508,2.810879727,mothbeans
37,57,20,31.1006247,7.354286985,0.281584427,3.551332756,mothbeans
32,48,18,26.45707778,5.993513566,0.280174263,3.569207211,mothbeans
29,44,20,30.04132304,8.620107545,0.333777667,2.99600632,mothbeans
25,51,18,27.77799528,9.45949344,0.306148886,3.266384579,mothbeans
10,44,24,30.99256944,8.0344125,0.410161147,2.438066131,mothbeans
23,35,18,26.4908332,5.414492777,0.361721489,2.764557896,mothbeans
9,60,23,31.96987867,6.276004336,0.358368246,2.790425798,mothbeans
3,58,21,25.36140526,9.160691747,0.321480552,3.110608072,mothbeans
22,42,22,25.54249137,7.887658711,0.308633621,3.240087707,mothbeans
12,39,21,28.99319096,8.183844843,0.416572097,2.400544847,mothbeans
39,36,22,29.34317422,9.072011412,0.312816229,3.196765088,mothbeans
32,41,16,28.63618921,7.702287236,0.33299089,3.003085159,mothbeans
30,41,15,24.83206631,5.88509677,0.300372864,3.329195542,mothbeans
19,36,22,25.44689075,6.16496284,0.343466114,2.911495371,mothbeans
4,46,15,31.01274943,3.504752314,0.492503837,2.030441032,mothbeans
21,39,20,27.06179658,7.388007483,0.350772457,2.85085097,mothbeans
35,57,25,27.0956288,8.340398059,0.240133579,4.164348868,mothbeans
22,55,24,28.56800579,8.66077954,0.292752533,3.415854309,mothbeans
35,51,17,28.79929247,3.558822825,0.289313519,3.456457904,mothbeans
17,56,17,27.94293692,5.9565851,0.321588188,3.109566947,mothbeans
28,57,17,30.47757686,9.416003106,0.308603695,3.240401904,mothbeans
22,36,16,30.58139475,8.18422855,0.426775605,2.343151738,mothbeans
11,41,19,26.85911286,5.131779302,0.392381871,2.548537721,mothbeans
38,38,18,26.31051759,6.294130313,0.290537421,3.441897419,mothbeans
23,37,24,28.77833449,7.991902443,0.354503982,2.820842785,mothbeans
25,35,20,28.90245417,8.923095695,0.373780677,2.675365692,mothbeans
40,45,20,29.37687468,6.878498176,0.289303568,3.456576791,mothbeans
23,58,19,24.17093241,5.243634849,0.251709324,3.972836539,mothbeans
2,56,23,26.65333029,7.550090941,0.341399139,2.929122791,mothbeans
3,56,17,28.19912143,8.709291688,0.384198966,2.60281804,mothbeans
26,51,25,28.76488954,7.792508068,0.291812643,3.426856326,mothbeans
39,42,20,29.3499706,8.055908858,0.300494758,3.327845069,mothbeans
27,59,20,28.00937423,4.397698806,0.273673342,3.653991264,mothbeans
24,45,19,26.85851927,5.952384957,0.316574083,3.158818283,mothbeans
7,40,17,31.2123945,8.532078733,0.503318664,1.986812871,mothbeans
15,45,23,24.20422636,7.224193642,0.303665378,3.293098499,mothbeans
26,52,23,29.98835437,4.931890506,0.30681539,3.259288918,mothbeans
20,45,16,29.93964907,4.626212446,0.381970976,2.617999959,mothbeans
34,54,24,31.2119298,5.026003659,0.287606516,3.476972684,mothbeans
19,51,25,26.80474415,3.5253661,0.292681517,3.41668312,mothbeans
29,41,21,31.49398069,8.86979671,0.357076711,2.800518683,mothbeans
20,50,22,30.99694676,9.406887533,0.3477929,2.875274341,mothbeans
11,40,23,29.61253065,5.80428611,0.413682847,2.417310769,mothbeans
15,54,15,29.97604322,8.35495812,0.368762419,2.711773076,mothbeans
35,55,22,30.88883074,8.634929739,0.284721703,3.512201526,mothbeans
9,59,25,30.39321309,7.699200949,0.337561431,2.962423749,mothbeans
40,45,18,30.43683729,5.261285926,0.305212013,3.276411016,mothbeans
35,38,19,25.32688786,9.112771682,0.286161825,3.494526223,mothbeans
14,58,17,30.53684308,4.605700542,0.354346551,2.822096041,mothbeans
40,55,18,30.38257873,7.115994051,0.277721936,3.600723859,mothbeans
18,36,23,24.01825377,7.214078621,0.324912387,3.077752776,mothbeans
35,52,15,28.69841277,9.93509073,0.29116091,3.434526983,mothbeans
4,59,22,29.33743412,8.914074888,0.35691099,2.801819022,mothbeans
22,51,16,27.96583691,8.639586199,0.325458842,3.072585138,mothbeans
33,47,17,24.86803974,8.621514073,0.266680822,3.74980095,mothbeans
2,51,17,25.87682261,5.838508699,0.383954609,2.604474532,mothbeans
16,51,21,31.01963639,3.532008668,0.363859504,2.748313533,mothbeans
19,55,20,27.43329405,7.18530147,0.302481852,3.305983466,mungbean
8,54,20,28.3340432,7.034214276,0.357732234,2.795386897,mungbean
36,55,20,27.01470397,6.635968698,0.25238472,3.962204995,mungbean
10,56,16,28.17432665,6.828187499,0.355784471,2.810690405,mungbean
22,56,17,29.87888063,6.89077995,0.325040849,3.076536392,mungbean
9,57,24,29.89232778,7.165121109,0.343248086,2.913344719,mungbean
34,59,23,28.56212158,6.935804256,0.254845876,3.923940293,mungbean
31,51,25,27.53592929,7.196774236,0.266690928,3.749658857,mungbean
0,49,18,29.68361658,6.990095452,0.457964427,2.183575715,mungbean
21,39,20,28.14448546,7.064782138,0.364306068,2.744944669,mungbean
28,35,22,29.53037621,7.156563094,0.359180897,2.784112433,mungbean
17,52,17,27.88352946,6.364967184,0.335854994,2.977475454,mungbean
24,42,23,28.22471276,6.428054409,0.328367559,3.045367827,mungbean
28,46,16,29.008124,6.664187809,0.3334236,2.99918782,mungbean
21,38,21,29.75538903,6.637677489,0.384442363,2.601170153,mungbean
34,60,25,29.78416743,6.79385576,0.258690483,3.865623466,mungbean
19,53,22,27.8640132,6.852884643,0.30706397,3.256650395,mungbean
31,58,15,27.11026483,7.121571293,0.270291008,3.699716123,mungbean
19,35,24,27.11030369,6.883308033,0.360388509,2.774783256,mungbean
24,53,17,28.95451232,6.421271178,0.318665025,3.138091483,mungbean
13,47,20,29.21780035,6.54450214,0.377722504,2.647446177,mungbean
31,53,16,28.7420098,6.452006451,0.297420098,3.362247564,mungbean
28,45,23,29.65021184,6.489259136,0.31927304,3.132115383,mungbean
31,37,21,27.23924995,6.713410626,0.317294943,3.151641781,mungbean
33,60,15,28.95172351,6.510840928,0.277330773,3.605802516,mungbean
34,45,21,28.18837136,6.287380117,0.291883714,3.426021917,mungbean
13,57,25,28.30041493,6.86308576,0.30842542,3.242274904,mungbean
33,57,17,27.89636126,6.78415271,0.270059451,3.702888368,mungbean
32,57,22,28.6899851,6.769415888,0.267477343,3.738634412,mungbean
23,59,25,27.8262623,6.320768488,0.269404321,3.711892957,mungbean
35,41,18,28.70562673,6.705008504,0.316017306,3.164383666,mungbean
6,48,24,28.6362812,6.790736339,0.379952323,2.631909161,mungbean
29,36,25,28.28511547,7.130278657,0.325390172,3.073233571,mungbean
4,36,22,27.60887393,7.012740397,0.46143345,2.167159747,mungbean
10,59,22,28.60901145,7.155685016,0.325373752,3.073388659,mungbean
14,48,21,29.24598976,6.991242362,0.364409515,2.744165447,mungbean
8,50,21,28.62911222,6.218923893,0.375052053,2.66629656,mungbean
20,40,15,29.57329479,7.199495368,0.407643931,2.453121278,mungbean
36,43,22,27.82684262,6.389882166,0.285414283,3.503678892,mungbean
14,57,15,29.8757015,6.623438282,0.359019785,2.785361816,mungbean
11,60,23,27.33684386,7.033012777,0.301455786,3.31723605,mungbean
10,59,15,29.83040388,6.32400451,0.367028618,2.724583185,mungbean
7,60,25,28.2753171,6.397636709,0.318209968,3.142579111,mungbean
2,47,15,29.86860065,6.401455706,0.482321885,2.07330422,mungbean
20,45,22,29.5888162,6.904587016,0.351595589,2.844176755,mungbean
2,39,15,28.07219563,6.478557136,0.519146351,1.926239102,mungbean
27,40,24,27.84026517,7.063022095,0.316925991,3.155310794,mungbean
35,48,15,27.10818093,6.981758362,0.286818173,3.486529429,mungbean
4,59,25,27.68515114,6.227134139,0.325967627,3.067789309,mungbean
1,48,24,29.34594634,6.232836962,0.415697895,2.405593129,mungbean
36,43,21,28.36319404,7.140437859,0.29363194,3.405624057,mungbean
11,46,24,27.65280218,6.459252023,0.353738299,2.826948635,mungbean
34,47,19,27.31372793,6.568795404,0.283137279,3.531855651,mungbean
21,44,18,27.06909959,7.12851089,0.338181923,2.956988333,mungbean
17,58,20,28.06642822,6.42937879,0.305962402,3.268375436,mungbean
25,40,21,27.73329078,6.248900919,0.334108032,2.993043876,mungbean
2,38,18,27.53632932,6.619891498,0.492005678,2.032496869,mungbean
9,48,20,29.66461594,6.377568542,0.398241765,2.511037482,mungbean
37,49,25,29.9145443,6.415459592,0.278509408,3.590542979,mungbean
36,38,15,28.36363858,6.320662012,0.329928523,3.030959524,mungbean
40,58,15,29.46416042,6.978400282,0.26959434,3.709276686,mungbean
30,44,16,29.73013036,6.442335593,0.341445893,2.928721712,mungbean
1,59,23,27.46852989,7.184398832,0.342994336,2.915500039,mungbean
9,48,22,27.77076285,6.402926221,0.364186872,2.745843077,mungbean
14,41,17,29.12939524,7.085982325,0.418463823,2.389692837,mungbean
35,52,19,27.10606808,6.698574085,0.265151586,3.771427569,mungbean
31,48,17,28.88078945,6.594739424,0.311258223,3.212766522,mungbean
4,41,20,28.14720892,6.647965508,0.448418599,2.230059152,mungbean
30,37,25,29.89129144,7.120032489,0.335774907,2.978185622,mungbean
9,35,20,27.41503453,6.91380932,0.443984915,2.252328778,mungbean
20,41,20,29.27308605,7.073048264,0.373741803,2.675643965,mungbean
37,50,23,29.65296893,6.5304707,0.278663354,3.588559407,mungbean
34,35,21,28.44524991,6.684381357,0.327169443,3.056520161,mungbean
14,37,15,27.96235681,6.581351374,0.438823588,2.278820071,mungbean
23,39,22,29.25649321,6.86483915,0.360196348,2.776263575,mungbean
5,45,21,28.36291385,6.487124217,0.413562167,2.418016153,mungbean
22,37,20,27.62749466,6.605733068,0.36237335,2.759584831,mungbean
40,51,17,28.66086349,6.860602782,0.274637625,3.641161696,mungbean
27,56,20,29.2114218,6.41874299,0.293314775,3.409306609,mungbean
31,40,22,29.40889385,6.365513634,0.326977353,3.058315783,mungbean
38,36,21,28.02952623,6.556372966,0.30557396,3.272530156,mungbean
6,37,17,28.08657178,6.760694228,0.484776196,2.062807554,mungbean
6,47,18,29.16174608,6.715276663,0.424813325,2.353975125,mungbean
24,44,17,29.8596912,6.666380512,0.363055191,2.754402157,mungbean
25,59,19,29.06631494,6.626629798,0.29190597,3.425760696,mungbean
32,56,21,27.38538997,6.702772465,0.260416422,3.840003612,mungbean
8,45,18,27.93034941,7.011030515,0.40746971,2.454170152,mungbean
19,39,17,29.2808618,6.890156495,0.403744824,2.476811938,mungbean
39,37,15,28.9973145,6.821747052,0.329640819,3.033604892,mungbean
33,37,19,27.92678579,7.183189922,0.325020065,3.076733124,mungbean
26,54,17,28.5474135,6.27258822,0.30461251,3.282859259,mungbean
21,51,15,29.36488409,6.679127482,0.349021656,2.865151724,mungbean
22,54,20,28.56149805,6.689825155,0.307932271,3.247467359,mungbean
29,45,16,28.43683487,6.583381939,0.327075943,3.057393922,mungbean
4,40,21,28.79728147,6.725551062,0.458419715,2.181407054,mungbean
10,37,22,28.7275267,7.069747814,0.43083372,2.321081087,mungbean
4,44,19,27.95639663,6.921993878,0.432185024,2.313823811,mungbean
20,45,17,28.17458662,6.770955317,0.355787642,2.81066536,mungbean
23,45,23,28.77653519,6.983130466,0.327214672,3.056097676,mungbean
25,48,21,28.438097,6.267684328,0.313171245,3.193141187,mungbean
56,79,15,29.48439992,7.454532137,0.203229333,4.92054954,blackgram
25,62,21,26.73433965,7.040056094,0.256799441,3.89408947,blackgram
42,61,22,26.27274407,7.418650668,0.218181953,4.58333051,blackgram
42,73,25,34.03679184,6.501869314,0.250262799,3.995799634,blackgram
44,58,18,28.03644051,6.814410928,0.241970338,4.132737963,blackgram
50,55,16,28.81460716,7.581442888,0.246401712,4.058413359,blackgram
35,72,21,34.03619494,7.741418772,0.273720273,3.653364762,blackgram
30,64,20,33.8642935,6.573531614,0.305827136,3.269821028,blackgram
27,64,21,32.84213012,7.543804223,0.302161876,3.30948435,blackgram
50,74,17,27.10053268,6.5408208,0.199294558,5.017698476,blackgram
39,73,24,25.65842532,7.22405917,0.196017833,5.101576645,blackgram
57,67,25,32.34744009,7.551364319,0.223808323,4.468109084,blackgram
52,63,19,29.58949031,6.928898659,0.228279778,4.380589498,blackgram
55,66,22,30.91219459,7.747775263,0.2231622,4.481045627,blackgram
51,56,18,28.12787838,6.706505915,0.233023027,4.291421379,blackgram
36,66,15,30.08545364,6.668238556,0.265687638,3.763818323,blackgram
59,55,19,31.74379487,7.332375138,0.246193946,4.061838297,blackgram
50,58,23,27.81326852,7.596802025,0.219948615,4.546516474,blackgram
30,65,25,32.88733849,7.70650895,0.282394487,3.541145612,blackgram
20,62,18,29.36358721,7.366542647,0.303635872,3.293418505,blackgram
58,71,15,27.82592799,6.919243702,0.200180055,4.995502662,blackgram
25,71,24,28.49538735,7.187721818,0.245794895,4.068432754,blackgram
52,71,16,27.74274761,7.075886472,0.206782357,4.836002524,blackgram
40,63,18,30.41588462,6.74441168,0.25963541,3.851554762,blackgram
20,60,25,27.3254209,6.726469088,0.269765913,3.706917555,blackgram
48,61,21,30.28496619,6.628264883,0.240653586,4.155350503,blackgram
49,68,22,28.56840626,7.127064207,0.212722347,4.700963548,blackgram
48,62,15,25.36586097,7.538631462,0.210926888,4.740979259,blackgram
32,66,17,34.9466155,7.162357641,0.312579265,3.19918853,blackgram
21,63,22,25.09737391,6.859409487,0.246201641,4.061711357,blackgram
20,72,19,32.47648301,7.397190844,0.301589937,3.315760499,blackgram
25,65,21,33.86351172,6.880245789,0.314085691,3.183844499,blackgram
41,78,21,25.19857725,6.581313137,0.187132695,5.343801637,blackgram
53,67,17,31.77681682,7.296972161,0.239246838,4.179783557,blackgram
39,60,21,34.89814946,6.97297656,0.299151246,3.342790695,blackgram
25,76,17,31.74105409,7.241148507,0.27746656,3.604037905,blackgram
21,78,19,27.16159076,6.92009048,0.238657549,4.19010421,blackgram
57,60,17,26.23773129,7.504608385,0.203266651,4.919646155,blackgram
56,75,15,30.20157245,7.152272256,0.2137094,4.67925135,blackgram
49,72,15,31.55846339,7.137004749,0.239400466,4.177101308,blackgram
24,80,19,29.67892453,6.808041722,0.249422151,4.009267009,blackgram
49,76,18,27.05365239,7.393631868,0.196179387,5.097375487,blackgram
28,68,19,34.63880966,7.69950698,0.309902693,3.226819333,blackgram
55,78,21,33.39438752,6.602888249,0.223340179,4.477474702,blackgram
50,64,25,28.84079155,6.734447425,0.214681954,4.658053382,blackgram
34,80,19,31.49338309,6.521217963,0.244311151,4.093141044,blackgram
20,68,23,25.54960633,7.707332484,0.239185643,4.180852952,blackgram
55,67,16,34.37329112,6.596719015,0.256328197,3.90124853,blackgram
23,70,15,34.6008247,7.403623355,0.329637266,3.033637589,blackgram
53,74,15,29.43463808,7.517097,0.214328437,4.665736442,blackgram
26,67,16,29.10713092,7.17620823,0.27621221,3.620404757,blackgram
33,80,22,28.57006111,6.593961761,0.21903749,4.565428509,blackgram
37,79,19,27.54384835,7.143942758,0.211435914,4.729565486,blackgram
33,75,21,33.04687968,6.690655045,0.2639293,3.788893467,blackgram
22,55,20,33.95309131,7.423530351,0.360341148,2.775147959,blackgram
20,68,17,30.11873003,6.578714843,0.296368857,3.374173686,blackgram
43,68,20,29.57812712,7.497469256,0.233420818,4.284108032,blackgram
44,76,22,27.26458947,7.775306272,0.199046405,5.023954095,blackgram
34,60,16,31.35730791,7.322555223,0.294157345,3.399541158,blackgram
21,72,17,31.52104732,7.580527339,0.295645885,3.382424893,blackgram
25,68,19,29.39982732,7.108450121,0.27142703,3.684231454,blackgram
41,62,15,29.38400259,7.358974541,0.257491547,3.883622628,blackgram
28,65,23,28.38686534,7.405176138,0.253335046,3.947341734,blackgram
35,64,15,28.47442276,6.500144962,0.258547568,3.867760225,blackgram
52,58,16,30.64095781,7.167435834,0.251118713,3.982180336,blackgram
58,75,25,25.25596239,7.261791753,0.166176977,6.017680771,blackgram
34,66,19,32.97030511,7.586642101,0.285464749,3.503059499,blackgram
52,70,16,33.66855394,7.534811833,0.251221405,3.980552527,blackgram
23,57,19,32.83963757,7.251000789,0.341814521,2.925563248,blackgram
42,58,25,27.45853567,6.513620918,0.227668285,4.392355301,blackgram
37,62,17,25.68576704,7.121254928,0.230049716,4.346886482,blackgram
44,75,22,30.0328403,7.574561547,0.220091066,4.543573796,blackgram
21,80,20,28.20667264,7.350869792,0.24137746,4.142888904,blackgram
56,76,16,28.27265858,7.513151076,0.197788234,5.055912486,blackgram
29,76,15,28.5417236,7.025607706,0.24618103,4.06205141,blackgram
43,61,20,26.87187036,6.804253866,0.224773148,4.448929993,blackgram
55,60,15,32.79766751,7.163043872,0.259982058,3.846419282,blackgram
44,63,15,26.42333018,7.338929556,0.224781395,4.448766769,blackgram
29,67,21,29.79181107,6.621323612,0.263177872,3.799711545,blackgram
47,63,16,27.44003279,6.661870999,0.225714546,4.430374639,blackgram
40,68,17,34.1262979,7.733149554,0.281010383,3.558587368,blackgram
58,61,15,30.94908189,7.402891666,0.238425984,4.194173731,blackgram
41,74,18,28.75751783,6.599147298,0.223740736,4.469458802,blackgram
58,79,17,27.24766491,7.04174124,0.183426396,5.451778067,blackgram
27,62,24,28.63005477,7.353876754,0.262212874,3.813695279,blackgram
27,60,17,26.41768321,7.026795359,0.263631569,3.793172428,blackgram
52,65,20,32.81705216,6.814301033,0.246839797,4.051210595,blackgram
44,55,25,29.6321052,7.42160832,0.247033106,4.04804042,blackgram
21,62,24,33.49077065,6.847382891,0.322343651,3.102279189,blackgram
60,59,22,31.86847286,7.191522601,0.233109737,4.289825104,blackgram
33,77,21,30.32992227,7.01285529,0.239159712,4.181306256,blackgram
59,58,17,28.546224,7.368318809,0.220494209,4.535266503,blackgram
29,63,17,30.02629908,7.26154329,0.284644946,3.513148627,blackgram
59,63,18,31.65531175,6.52669158,0.233252227,4.287204516,blackgram
29,70,15,30.33499674,6.872594461,0.274868392,3.638104735,blackgram
58,73,16,33.36984395,6.874142175,0.233808462,4.277005162,blackgram
55,77,22,31.4345059,7.76061831,0.210613675,4.748029783,blackgram
42,79,23,27.71678273,6.781841984,0.199422102,5.014489309,blackgram
44,77,21,32.63918668,7.326980454,0.236895681,4.221267338,blackgram
38,62,25,32.7477393,7.453975408,0.269981914,3.703951808,blackgram
32,76,15,28.05153602,7.604110177,0.23619135,4.233855309,lentil
13,61,22,19.44084326,7.728832424,0.212925451,4.696479435,lentil
38,60,20,29.84823072,7.491217102,0.261425684,3.825178859,lentil
11,74,17,21.36383757,6.633864582,0.21925331,4.560934575,lentil
37,71,16,26.28663931,7.324863481,0.220053543,4.544348558,lentil
29,71,18,22.17499963,6.410441476,0.196398302,5.091693717,lentil
2,72,18,26.57597546,7.836719564,0.299738864,3.336237376,lentil
6,59,21,26.58972517,6.139215944,0.320810758,3.117102453,lentil
13,64,20,19.1345771,6.590571088,0.20757296,4.817583181,lentil
8,58,17,28.75273118,7.286049978,0.358466641,2.789659863,lentil
6,77,20,25.78746268,6.058306161,0.260072453,3.845082352,lentil
2,75,22,23.89271875,6.658605362,0.251441604,3.977066587,lentil
3,69,23,28.67408774,7.299360767,0.312358818,3.201446354,lentil
27,80,24,28.42062847,7.815210661,0.22458495,4.452658111,lentil
39,78,15,21.35499456,5.925391795,0.169356019,5.904720739,lentil
40,79,17,21.12695586,6.403683619,0.162698205,6.146349315,lentil
37,62,22,24.02037872,7.397546271,0.206779989,4.836057893,lentil
31,60,24,25.40474421,7.722335992,0.229606471,4.355277941,lentil
22,67,22,29.03017561,7.475926645,0.270542123,3.696282081,lentil
3,78,18,20.21368219,6.887130053,0.214279618,4.666799432,lentil
4,80,16,29.19585548,7.441976825,0.301958555,3.311712764,lentil
13,61,24,18.29783597,7.629910253,0.196916694,5.078289615,lentil
12,66,20,27.41434987,7.336117221,0.289942346,3.448961544,lentil
4,61,21,24.84063998,6.75020529,0.300472558,3.328090948,lentil
9,60,21,29.94413861,7.52178027,0.343823762,2.908466806,lentil
18,66,22,25.87990287,6.347379185,0.253583989,3.943466631,lentil
32,56,18,20.0467711,7.135251532,0.198554444,5.036401997,lentil
6,72,15,22.99451999,7.670178119,0.258005591,3.875884995,lentil
15,77,20,25.13163619,7.399749291,0.23331818,4.285992625,lentil
0,65,24,28.49584395,7.841496029,0.331413977,3.017374249,lentil
30,79,22,18.28766124,6.254216611,0.147234055,6.791906928,lentil
3,63,16,24.38041875,6.868881708,0.309517302,3.230837159,lentil
2,78,23,21.31852148,7.320514721,0.216684675,4.615001047,lentil
10,78,18,18.54141834,6.296976913,0.184353003,5.424375967,lentil
14,67,25,25.28710601,7.241151936,0.247991566,4.032395196,lentil
39,65,23,25.43459777,7.685959305,0.208146439,4.804309909,lentil
19,72,15,28.83600962,6.890760124,0.281471789,3.552753915,lentil
18,57,21,27.37659643,6.155915975,0.295589546,3.383069574,lentil
31,58,15,28.31886863,6.167855382,0.281912198,3.547203724,lentil
28,58,25,27.4818649,6.861640036,0.256593377,3.897216716,lentil
5,65,19,18.28072173,6.978361689,0.216637323,4.616009776,lentil
16,65,19,27.61204997,7.043160241,0.2861205,3.495030943,lentil
34,65,19,23.43974653,5.94239222,0.207116496,4.828200647,lentil
14,69,19,20.95628486,7.239455147,0.215257695,4.645594674,lentil
22,55,16,23.7937153,6.516317561,0.266599089,3.750950548,lentil
24,61,17,22.6371424,6.233269045,0.23173669,4.315242438,lentil
2,79,15,21.53577883,7.505283615,0.234747696,4.259892712,lentil
26,63,17,29.87854588,6.950300686,0.291307037,3.432804136,lentil
27,61,15,25.2653291,6.958054839,0.255003195,3.921519491,lentil
24,70,16,25.17885316,6.54803469,0.237989574,4.201864739,lentil
13,74,25,24.12192608,6.461618577,0.224302911,4.458256889,lentil
6,64,23,23.33565221,7.065264073,0.26167368,3.821553628,lentil
12,58,23,21.74600081,6.765091462,0.244580654,4.088630822,lentil
32,79,22,27.60195453,5.91645379,0.21505229,4.650031866,lentil
6,68,18,24.388717,6.711341147,0.275964315,3.623656918,lentil
10,79,20,24.98287462,6.379881442,0.238374997,4.195070853,lentil
38,77,22,28.234829,6.313284268,0.213392912,4.686191255,lentil
17,74,17,26.03026959,7.393210848,0.250280274,3.995520638,lentil
26,68,24,28.04849594,7.504930973,0.246173694,4.062172453,lentil
23,75,17,24.87425505,7.198076286,0.224993522,4.444572405,lentil
32,78,22,23.97081395,7.007037515,0.189172833,5.286171298,lentil
19,79,19,20.06003985,6.677262562,0.180000341,5.555545043,lentil
22,60,18,19.59221047,6.74398035,0.205922105,4.856205221,lentil
28,69,16,29.77013109,6.547361618,0.272302045,3.672392544,lentil
1,67,21,27.52135365,6.551577598,0.320464648,3.120469003,lentil
12,67,23,25.62896213,6.585020303,0.261068256,3.830415902,lentil
36,67,20,20.39078312,6.924042372,0.173908806,5.75014011,lentil
28,70,21,25.39038396,7.437373666,0.221767932,4.509218213,lentil
12,71,19,24.91079638,7.142611056,0.254027415,3.936582979,lentil
22,68,16,27.70496805,7.74672376,0.270801585,3.692740567,lentil
26,66,22,18.06486101,6.300479414,0.167235623,5.97958726,lentil
16,65,16,18.13027797,6.078724107,0.197219361,5.070496108,lentil
14,59,22,23.82723528,6.76660668,0.261339319,3.826442974,lentil
33,59,19,23.19305333,7.641024177,0.217955435,4.588093883,lentil
21,63,17,25.08966129,6.559681838,0.258313478,3.871265283,lentil
0,69,21,25.86928193,7.072923306,0.298547577,3.349549878,lentil
10,75,17,18.43966037,7.732194788,0.190584906,5.247005249,lentil
30,61,18,27.14911056,6.157782589,0.258248721,3.872236026,lentil
0,74,17,23.33375853,7.240988401,0.26740394,3.739660681,lentil
35,74,22,26.7230014,6.898905799,0.211625965,4.725318089,lentil
7,63,24,19.55750776,6.818681086,0.218696891,4.572538709,lentil
9,56,17,26.13708256,6.261937875,0.330940031,3.021695491,lentil
14,74,15,27.99990346,6.493036868,0.281552461,3.551735962,lentil
14,76,20,29.05941162,7.042474679,0.273267378,3.659419598,lentil
36,65,16,25.71269843,7.692013657,0.228313662,4.379939388,lentil
28,67,21,21.79792649,6.250994223,0.196533849,5.088182035,lentil
28,79,16,24.70626432,6.052184881,0.208994019,4.784825927,lentil
40,61,22,20.94981756,7.002216044,0.178453801,5.603691223,lentil
10,70,19,24.84918386,7.272427638,0.261102867,3.829908152,lentil
12,80,19,21.91041045,5.962001484,0.206400094,4.84495903,lentil
37,77,20,25.93381964,7.080506001,0.200998654,4.975157694,lentil
0,67,22,29.82112112,6.593798387,0.346304732,2.887630195,lentil
7,73,25,27.52185591,7.28805662,0.271636723,3.681387366,lentil
10,56,18,27.99627907,7.32710972,0.345193798,2.896923422,lentil
39,70,15,20.76774783,6.366355781,0.175546353,5.696501125,lentil
26,56,22,23.05276444,7.011121216,0.231276581,4.32382732,lentil
9,77,17,21.65845777,6.280725549,0.219985027,4.545763928,lentil
4,59,19,26.25070298,7.621494566,0.332325646,3.009096685,lentil
34,73,15,20.97195263,7.630424083,0.180097972,5.552533362,lentil
33,77,15,23.89736406,7.802212437,0.199178912,5.020611808,lentil
2,24,38,24.55981624,5.922935513,0.399372129,2.503930365,pomegranate
6,18,37,19.65690085,5.937649578,0.338637719,2.953008316,pomegranate
8,26,36,18.78359608,6.804781106,0.282622801,3.538284937,pomegranate
37,18,39,24.1469628,6.424670614,0.267520881,3.738025969,pomegranate
0,27,38,22.44581266,6.738016221,0.36070481,2.772350054,pomegranate
31,25,38,24.96273236,6.497366677,0.27619928,3.620574241,pomegranate
21,21,38,22.5526059,6.327673765,0.294407574,3.396651748,pomegranate
6,30,40,22.77035608,6.36137446,0.312767843,3.197259635,pomegranate
25,27,41,19.20090378,6.923509371,0.217214019,4.603754417,pomegranate
15,11,38,23.12808226,6.630646083,0.377001285,2.652510851,pomegranate
14,5,36,24.92639065,5.832525853,0.471388921,2.121390545,pomegranate
16,10,41,24.77464458,6.738993954,0.384696188,2.599453885,pomegranate
36,7,37,19.8671184,5.782435567,0.26083898,3.833782819,pomegranate
4,20,41,24.26601316,6.537042717,0.388707895,2.572625906,pomegranate
29,22,40,23.62600218,6.145104401,0.270615409,3.695281083,pomegranate
16,15,42,19.67832052,6.890784045,0.283264665,3.53026736,pomegranate
18,27,41,22.36509395,7.175344328,0.271687139,3.680704224,pomegranate
11,18,42,21.57936934,5.938528744,0.318019286,3.144463379,pomegranate
5,15,38,18.26233221,5.709380472,0.332109176,3.011058026,pomegranate
18,23,44,23.71028128,6.184400085,0.290709192,3.439863717,pomegranate
9,8,40,22.48720144,6.553509673,0.412056166,2.426853627,pomegranate
40,27,45,21.6602498,5.885638185,0.202323659,4.942575699,pomegranate
22,23,44,20.13037175,6.143874691,0.237419907,4.211946721,pomegranate
9,16,39,18.41164435,6.101198974,0.303306943,3.296990139,pomegranate
12,29,40,19.68291173,6.594037135,0.255344589,3.916276444,pomegranate
0,17,42,23.20242586,6.859840821,0.410210608,2.437772161,pomegranate
2,21,44,18.92157197,6.56893406,0.297336895,3.363188412,pomegranate
28,6,40,22.10621387,6.769855664,0.312246133,3.202601708,pomegranate
8,23,44,18.47412402,7.130837931,0.259654987,3.851264371,pomegranate
29,16,36,19.81069447,5.740338002,0.256922154,3.892229551,pomegranate
17,18,43,24.4880844,5.843005428,0.326770313,3.06025352,pomegranate
34,21,42,18.75927679,6.648687274,0.203703884,4.909086554,pomegranate
21,23,42,19.54128063,6.902751061,0.2388521,4.186691256,pomegranate
25,17,40,18.91251245,6.608023872,0.242835518,4.118013747,pomegranate
8,25,36,19.91330523,6.828522375,0.30309138,3.299335004,pomegranate
26,18,42,19.72620525,6.910374919,0.241002387,4.149336502,pomegranate
4,19,42,23.83185873,6.306605528,0.382028596,2.617605098,pomegranate
36,24,41,24.94467632,7.009180374,0.256877983,3.892898826,pomegranate
5,24,40,24.692258,6.297907579,0.372351565,2.685633937,pomegranate
19,17,39,24.72485577,6.728599215,0.342998077,2.915468241,pomegranate
39,30,38,20.12644921,6.965156738,0.197443451,5.064741308,pomegranate
5,29,44,21.02432943,5.578095745,0.282363198,3.541538018,pomegranate
4,24,43,22.40423537,7.199504273,0.329637118,3.033638949,pomegranate
38,21,35,20.33691147,5.841367187,0.22698842,4.405511085,pomegranate
37,11,36,24.24779615,6.710143266,0.300569002,3.32702306,pomegranate
9,25,41,24.81530144,5.972714857,0.344204019,2.905253699,pomegranate
29,22,43,19.66329768,5.561851831,0.219822316,4.549128675,pomegranate
5,21,38,22.43377991,6.107054808,0.366152811,2.731100157,pomegranate
22,26,38,22.92052307,6.988035315,0.278145617,3.595239107,pomegranate
4,18,37,22.91843172,7.13147457,0.405397148,2.466716911,pomegranate
21,6,41,24.88244467,7.086947687,0.380624186,2.627263416,pomegranate
29,21,45,23.40981539,6.749260456,0.256945425,3.891877037,pomegranate
23,5,44,21.20725375,7.16300467,0.30843408,3.242183874,pomegranate
13,7,43,18.20230419,7.013481515,0.304798479,3.280856265,pomegranate
5,13,37,22.34375696,5.648243649,0.424431945,2.356090328,pomegranate
27,24,41,24.32770134,6.610251186,0.275301102,3.632386483,pomegranate
7,23,35,19.75088482,7.054313823,0.319244382,3.132396549,pomegranate
12,20,39,19.86173586,6.026999326,0.293827266,3.403360127,pomegranate
4,19,43,18.07132963,5.779427402,0.28895954,3.460692111,pomegranate
3,9,45,23.89162561,6.535244251,0.436695186,2.289926777,pomegranate
1,27,36,23.98598756,5.684995235,0.390406056,2.561435679,pomegranate
23,30,44,20.93892916,6.12476108,0.226174527,4.421364383,pomegranate
24,21,42,20.82210727,6.999014379,0.250828819,3.986782712,pomegranate
13,30,37,20.86474944,6.277148771,0.273309368,3.658857387,pomegranate
40,11,44,24.45840036,6.322396027,0.267983162,3.731577737,pomegranate
21,9,40,24.51147697,5.956401828,0.364449671,2.743863089,pomegranate
3,27,44,24.56811204,6.591302797,0.345515028,2.894230121,pomegranate
40,29,42,24.63228709,7.104094929,0.230921505,4.330475841,pomegranate
14,25,40,20.07386547,6.407872061,0.266757791,3.748719005,pomegranate
38,14,37,21.80523051,6.658402594,0.256238545,3.90261348,pomegranate
34,9,36,22.8122645,6.276038961,0.30142107,3.317618112,pomegranate
32,14,37,22.73031253,6.825256236,0.28590738,3.497636194,pomegranate
18,21,35,23.2801227,6.368560522,0.328109766,3.047760545,pomegranate
8,23,38,19.30106297,7.005410734,0.294218304,3.398836805,pomegranate
15,6,41,19.0087067,6.897368477,0.322721076,3.098651049,pomegranate
0,5,36,24.35193812,6.152906502,0.618339954,1.617233357,pomegranate
22,9,44,24.72235539,5.744361602,0.342964739,2.915751643,pomegranate
14,8,43,21.92513945,7.051654924,0.352694453,2.835315359,pomegranate
31,11,45,24.83954414,6.034612928,0.297006254,3.366932463,pomegranate
39,17,45,18.09691127,6.924490731,0.189078329,5.288813388,pomegranate
10,5,42,20.24104904,6.887005997,0.372649983,2.683483282,pomegranate
8,28,38,23.22594,6.8444019,0.327377568,3.054577036,pomegranate
32,13,42,23.50128217,5.786058032,0.281623933,3.550834581,pomegranate
18,9,40,19.44623085,5.627186257,0.305167625,3.276887583,pomegranate
20,27,41,20.51343484,5.700088663,0.24447085,4.09046722,pomegranate
39,25,36,18.90223032,5.567805185,0.199022303,5.024562493,pomegranate
20,7,45,18.90592319,6.077886012,0.276471155,3.617013856,pomegranate
11,10,45,22.63045168,6.397995609,0.358037147,2.793006282,pomegranate
40,18,43,19.38603815,5.767372539,0.201841962,4.954371186,pomegranate
3,26,39,24.38318965,7.079973241,0.373282201,2.678938342,pomegranate
9,16,36,23.77989026,5.893332378,0.406227709,2.461673533,pomegranate
30,20,38,22.59890174,7.058222596,0.268169338,3.728987093,pomegranate
40,9,41,24.37766782,5.78270695,0.281974087,3.546425173,pomegranate
40,30,35,20.89273273,6.269663963,0.208502216,4.796112084,pomegranate
32,25,35,18.09903225,5.892913826,0.207598177,4.816997992,pomegranate
33,23,45,20.00218987,7.116538883,0.207942474,4.809022327,pomegranate
4,14,41,19.85139326,6.430163481,0.353413445,2.829547132,pomegranate
13,17,45,21.25433607,7.159520979,0.296724481,3.370129747,pomegranate
39,24,39,23.65374106,6.431265737,0.241703344,4.137303128,pomegranate
8,28,37,23.88404783,6.082571701,0.340877368,2.933606321,pomegranate
91,94,46,29.36792366,6.149934034,0.131462873,7.606710376,banana
105,95,50,27.33368994,5.849076099,0.11333476,8.823418359,banana
108,92,53,27.40053601,6.276800323,0.112255083,8.908282573,banana
86,76,54,29.3159075,5.926824754,0.140351424,7.124972261,banana
80,77,49,26.05433004,5.519088423,0.131331699,7.614307939,banana
93,94,53,25.86632408,6.079178788,0.111943017,8.933116391,banana
90,92,55,27.00932084,6.13465588,0.118182788,8.461469,banana
108,89,53,29.55054817,5.808497604,0.122202193,8.183159222,banana
108,88,55,26.28845991,5.891458107,0.108718964,9.198027328,banana
105,77,52,29.16226551,5.816622479,0.128898571,7.758037934,banana
118,88,52,28.65003945,5.843163161,0.114922634,8.701506129,banana
101,87,54,29.07311132,6.376756633,0.124269055,8.047055638,banana
95,75,50,28.08166093,5.623615687,0.132189368,7.564904925,banana
106,85,53,27.1994597,5.91505509,0.115571556,8.652648051,banana
86,95,49,28.05484146,6.458714879,0.126325398,7.916064533,banana
83,79,55,25.14748006,5.565028635,0.1204953,8.299078898,banana
85,95,47,25.94019018,6.211833161,0.118679252,8.426072663,banana
109,79,45,27.66752761,6.490074429,0.123036599,8.127662879,banana
100,76,45,25.56703012,5.590236025,0.120212806,8.318581302,banana
117,86,48,28.6956201,6.225225239,0.118309243,8.452424942,banana
114,94,53,26.33544853,6.190757459,0.104733519,9.54804161,banana
110,78,50,25.93730186,5.915568968,0.113181941,8.83533181,banana
94,70,48,25.13686519,6.195152442,0.1232871,8.111148696,banana
80,71,47,27.50527651,6.156373499,0.143966043,6.946082418,banana
114,79,51,26.21009246,6.313197204,0.111516772,8.967260966,banana
88,78,45,29.10403455,6.324270089,0.14267315,7.0090273,banana
112,73,48,29.2440638,5.707488987,0.129802849,7.703991155,banana
117,76,47,25.56202173,6.119216009,0.110675091,9.035456805,banana
111,87,48,26.3985515,5.571401169,0.111376226,8.978576842,banana
89,83,47,28.09577643,5.63127166,0.132857427,7.526865644,banana
93,91,47,27.84767901,6.101241579,0.124881727,8.007576621,banana
92,81,52,27.39341554,6.438137279,0.126192958,7.924372455,banana
105,74,45,25.14517635,6.098369122,0.116719537,8.56754596,banana
102,71,48,28.65456263,5.695267822,0.134183541,7.452478823,banana
94,91,51,29.16093424,5.618094446,0.127800569,7.824691308,banana
116,71,47,27.57278064,6.435785799,0.1221059,8.189612448,banana
117,79,49,25.40909896,6.176644228,0.107792241,9.277105606,banana
119,72,55,25.99069521,6.220643671,0.109718273,9.114252082,banana
99,73,53,26.29039046,5.871702211,0.121290624,8.244660344,banana
91,84,52,29.14827211,6.390741836,0.132811771,7.52945307,banana
80,90,47,26.59743595,6.21084479,0.127177124,7.863049321,banana
101,70,48,25.36059237,6.012696655,0.120368002,8.307855792,banana
108,89,53,29.12036889,5.908770059,0.120481476,8.300031149,banana
100,80,52,27.53911354,6.049801781,0.12301342,8.129194331,banana
109,91,53,29.66727337,6.010095853,0.121214519,8.249836787,banana
82,78,46,25.05802193,5.738678895,0.126495252,7.905435054,banana
106,70,55,25.86824781,5.74055541,0.116312761,8.597508912,banana
90,86,52,25.85036988,5.793260262,0.11776478,8.491503135,banana
83,95,50,26.51682337,5.50947065,0.120687822,8.285840154,banana
119,90,48,28.66725136,5.986442306,0.115436776,8.662750616,banana
107,72,45,28.14938935,5.790768046,0.130131202,7.684552061,banana
116,81,55,26.42313317,5.915546415,0.108821957,9.189321965,banana
101,75,50,26.59386409,6.242528278,0.122096744,8.190226612,banana
93,81,50,27.71822477,6.036079266,0.128206361,7.799925023,banana
95,75,45,28.98333432,5.829898502,0.139457369,7.170650125,banana
107,71,55,29.42017919,6.088064451,0.130558709,7.659389465,banana
83,94,47,27.39872329,6.469370954,0.126780015,7.887678531,banana
102,73,54,26.4020227,5.720726906,0.119659488,8.357047307,banana
86,79,45,27.81251452,5.80766417,0.13720245,7.288499581,banana
117,86,53,25.19640218,5.703381728,0.102329696,9.772334317,banana
111,79,53,28.31193338,6.165001278,0.12062524,8.290138929,banana
95,74,50,25.90113128,6.002481605,0.122836216,8.140921574,banana
91,75,55,27.48612983,6.212369363,0.128896515,7.75816165,banana
93,83,46,29.38254012,5.765308943,0.136858289,7.306828169,banana
92,85,51,29.22118628,5.740764682,0.132549063,7.544376249,banana
104,80,54,27.09062164,5.879119455,0.118027822,8.472578608,banana
103,72,51,26.12643374,6.099478745,0.120028468,8.331356866,banana
92,75,45,29.01207743,5.674403359,0.141566403,7.063822906,banana
93,85,49,27.96799119,5.694243847,0.127612296,7.836235468,banana
120,87,52,28.0764455,5.905494703,0.112264268,8.90755371,banana
108,72,46,25.16278237,6.110844721,0.115764524,8.638224972,banana
105,88,54,25.78749808,6.020445317,0.108451409,9.22071928,banana
98,79,50,25.34119774,6.435917308,0.116040519,8.617679509,banana
111,88,55,29.44795403,5.505393833,0.119873835,8.342104029,banana
97,74,45,26.47522633,5.677719902,0.127200122,7.861627686,banana
95,82,48,27.39489579,5.719014989,0.126199537,7.92395935,banana
89,91,55,25.08347445,6.275572298,0.110993508,9.009535921,banana
89,85,55,26.6719835,6.275384607,0.120838356,8.275518089,banana
118,88,51,25.44926208,6.201911642,0.102915417,9.716717208,banana
101,92,45,28.22776705,5.758054257,0.122805744,8.142941594,banana
99,92,47,28.1279509,6.323933647,0.122386348,8.170845962,banana
82,77,46,28.9470467,5.901100841,0.146083155,6.845416246,banana
90,86,55,27.96236771,5.644486582,0.125378215,7.975867247,banana
95,88,52,28.00316034,6.235461772,0.123417704,8.102565281,banana
104,73,46,29.1400919,6.28236237,0.135157363,7.398783014,banana
102,73,52,27.9122104,6.356090905,0.127366566,7.851354042,banana
100,74,52,25.43480512,5.837258235,0.116968164,8.549334825,banana
94,89,48,28.55980972,5.653437902,0.127964544,7.814664647,banana
99,70,46,26.59580783,5.727469947,0.128352595,7.791038455,banana
112,87,48,27.19711623,6.200111068,0.114158365,8.759761033,banana
117,82,45,25.29391516,5.614471478,0.107761947,9.27971352,banana
96,86,51,29.90888522,6.257369799,0.13265616,7.538285459,banana
113,85,45,27.94972463,6.037430836,0.119134669,8.393862225,banana
105,93,46,25.01018457,5.760457558,0.106599117,9.380940737,banana
85,89,51,29.21144871,6.158164422,0.134273105,7.447507803,banana
108,94,47,27.35911627,6.387431383,0.113892033,8.780245394,banana
92,81,52,28.0106804,5.891413895,0.128936357,7.755764322,banana
110,71,54,28.67208915,5.725418961,0.126264209,7.919900712,banana
82,75,55,27.34585147,6.281069505,0.133706847,7.479048573,banana
117,81,53,29.50704598,5.507641778,0.121542016,8.22760749,banana
2,40,27,29.73770045,5.954626604,0.44547392,2.244800326,mango
39,24,31,33.55695561,4.757114897,0.367627187,2.720147025,mango
21,26,27,27.00315545,5.699586972,0.37842102,2.642559341,mango
25,22,25,33.56150184,5.977413803,0.480020859,2.083242804,mango
0,21,32,35.89855625,6.430139436,0.696199175,1.436370563,mango
20,19,35,34.17719782,6.113935087,0.475367538,2.10363544,mango
19,21,34,30.01592643,5.074272692,0.419134141,2.385871019,mango
18,17,31,31.74592134,5.667507706,0.496150323,2.015518187,mango
11,36,33,35.99009679,5.978634285,0.46237621,2.162741029,mango
30,28,30,31.86641378,5.064613314,0.373481975,2.677505389,mango
18,19,27,27.75518664,4.772385986,0.449299791,2.225685432,mango
23,23,27,34.72413192,5.161148592,0.48937167,2.043436637,mango
37,30,34,27.53907547,6.797779227,0.282565104,3.539007425,mango
11,27,30,27.69637763,6.39474303,0.422005553,2.369637063,mango
12,19,31,27.25373364,5.566704378,0.455705381,2.194400244,mango
3,28,33,30.33723921,5.755049971,0.489644363,2.042298607,mango
37,38,32,31.85744939,5.417340525,0.307078966,3.256491358,mango
26,37,30,35.39986338,6.166173834,0.39139638,2.554954644,mango
14,18,30,29.80747243,5.191265116,0.496894717,2.012498758,mango
40,16,35,34.16438906,4.954739564,0.386421858,2.58784533,mango
4,20,25,28.93270187,5.664587011,0.610871467,1.63700558,mango
36,25,33,27.98392787,5.548584852,0.308339658,3.243176716,mango
30,17,31,31.20478173,6.804437106,0.412881817,2.422000579,mango
28,37,28,32.13409675,6.097869767,0.35628061,2.806776376,mango
38,15,30,28.91862016,5.075504537,0.360465303,2.77419211,mango
12,37,30,31.09779147,4.546466109,0.406301158,2.461228526,mango
38,19,31,34.73823882,5.855119268,0.40611635,2.462348535,mango
8,33,29,29.98080499,6.442393461,0.442582928,2.259463562,mango
15,27,28,33.80398664,4.507523551,0.497199809,2.011263845,mango
34,16,25,30.07202564,6.10729559,0.414293675,2.413746721,mango
11,36,31,27.92063282,6.47544932,0.370777344,2.69703642,mango
33,29,34,31.40948821,6.832979509,0.337598836,2.962095525,mango
12,31,26,35.7877738,5.395275719,0.533156142,1.875623145,mango
12,34,28,33.36140093,6.13526938,0.464343256,2.153579249,mango
5,16,31,35.96054636,4.555688532,0.710779738,1.406905609,mango
1,30,29,28.33333307,6.434197756,0.488888885,2.045454564,mango
16,35,31,32.27652024,5.316875978,0.405811222,2.464199965,mango
35,18,26,31.99490489,5.279388967,0.417657024,2.394309069,mango
4,40,26,27.58258929,6.720041791,0.408322704,2.449043342,mango
9,29,34,29.38471637,5.72742254,0.42200995,2.369612378,mango
2,38,33,32.38697531,4.691396195,0.457355826,2.186481384,mango
26,32,32,30.91471455,6.810186079,0.354607939,2.820015822,mango
34,38,31,35.37775595,6.454045329,0.353182097,2.831400599,mango
5,32,33,32.32362177,5.842763773,0.47605174,2.100612007,mango
31,29,26,28.22373428,5.024124684,0.339810864,2.942813508,mango
34,34,35,27.27433181,6.422710539,0.274508076,3.642880076,mango
36,19,32,27.10710832,4.94295037,0.323070211,3.095302406,mango
7,17,26,34.89226666,6.414526606,0.717845333,1.393057743,mango
38,15,27,33.7462686,6.777788126,0.434328358,2.302405502,mango
5,19,25,27.3511056,6.441328044,0.578593992,1.72832766,mango
37,36,26,32.89300162,4.650536197,0.342353552,2.92095699,mango
21,31,32,35.38598705,5.254532213,0.433166513,2.308581045,mango
37,36,27,27.5529736,5.910634533,0.285529736,3.502262195,mango
23,23,30,32.82141065,4.755273631,0.445018561,2.247097284,mango
36,26,26,30.17294105,6.814630246,0.354237966,2.822961101,mango
24,33,35,29.26382931,5.342866119,0.328954666,3.039932556,mango
26,18,30,32.06097197,6.336234624,0.446769891,2.238288701,mango
22,17,26,28.69818144,4.754435025,0.456895099,2.188686204,mango
11,34,32,29.14305008,6.831706773,0.391468183,2.554486019,mango
29,35,28,28.3471611,6.967417766,0.318990882,3.134885848,mango
22,28,26,27.67256197,4.947683034,0.377270552,2.650617691,mango
23,24,32,28.1218093,5.630619901,0.368630497,2.712743538,mango
1,35,34,30.79375683,6.27339822,0.454196526,2.201690111,mango
2,24,34,28.89409382,6.472774648,0.498234897,2.007085425,mango
39,37,25,33.33024826,6.953246506,0.339903448,2.942011932,mango
15,36,27,27.78912455,5.643710216,0.36909134,2.70935644,mango
3,18,31,31.65333432,6.392313973,0.627948737,1.592486681,mango
8,38,32,29.75150773,4.981816523,0.394250099,2.536460998,mango
33,31,34,31.32995611,5.421265283,0.329897511,3.031244449,mango
14,29,32,35.63627319,6.942520105,0.488483643,2.047151456,mango
18,20,26,31.66524687,5.435840509,0.510394482,1.959268829,mango
9,21,32,32.26935342,5.870116071,0.536602475,1.863576945,mango
20,30,27,27.81005614,4.74910393,0.374156573,2.672677888,mango
9,38,25,34.58561471,5.497946899,0.494244649,2.023289483,mango
26,24,34,31.27180992,6.811291098,0.384188213,2.602890889,mango
31,36,29,33.93679864,6.460542749,0.363924986,2.747819026,mango
14,18,35,31.09154239,4.791146778,0.478978245,2.087777496,mango
40,16,35,31.89356292,6.4841522,0.361467724,2.766498729,mango
28,27,34,32.45465292,6.526654345,0.375894977,2.660317541,mango
0,17,30,35.47478322,6.279133738,0.776059217,1.288561462,mango
1,29,29,27.32961444,6.052026047,0.480162957,2.082626296,mango
2,36,31,30.90225239,5.73171945,0.462351484,2.16285669,mango
12,27,26,29.09382275,5.32307197,0.462981888,2.159911705,mango
7,28,35,30.02086169,4.66910839,0.443155167,2.256545956,mango
0,36,26,34.13072188,5.101206389,0.566624546,1.764837062,mango
26,35,31,33.44619894,5.339556562,0.374415206,2.670831698,mango
27,21,30,35.3915464,5.061081874,0.466558287,2.143354919,mango
22,38,31,31.53356352,5.821106036,0.357511687,2.797111357,mango
22,18,31,30.7645515,5.956027059,0.447388049,2.235196049,mango
28,23,28,30.01821337,5.676032581,0.392635612,2.546890727,mango
7,31,27,31.32863689,6.524114355,0.497363644,2.01060132,mango
29,34,26,33.88004781,6.273953676,0.39191065,2.551602007,mango
8,37,33,28.07802689,6.128167757,0.372795217,2.682437852,mango
39,16,27,35.53845018,4.934964765,0.445590856,2.244211224,mango
40,24,25,28.70595247,5.445008416,0.333774747,2.996032532,mango
19,38,26,31.48451729,4.525722333,0.391379726,2.555063363,mango
21,21,30,27.69819273,5.403908328,0.39858601,2.508868788,mango
22,18,33,30.41235793,6.621623545,0.430306273,2.323926149,mango
31,20,30,32.17752026,6.207495815,0.409599016,2.441412118,mango
18,26,31,32.6112614,5.418475257,0.448150152,2.231394981,mango
24,130,195,29.99677232,6.112305667,0.088815967,11.25923681,grapes
13,144,204,30.7280404,6.092241627,0.087889309,11.37794819,grapes
22,123,205,32.44577836,5.896343436,0.095559367,10.4646989,grapes
36,125,196,37.46566825,6.15526103,0.10774697,9.281003457,grapes
24,131,196,22.03296178,5.732453638,0.065620974,15.23903019,grapes
2,123,198,39.64851881,6.253034534,0.125846807,7.946168998,grapes
35,140,197,16.77557314,6.106190557,0.047783799,20.92759525,grapes
11,122,195,12.14190714,5.647202395,0.04006679,24.9583258,grapes
6,123,203,12.7567962,6.130310493,0.041436133,24.13352609,grapes
17,134,204,39.04071989,6.499604931,0.11279076,8.865974462,grapes
25,130,197,39.70772192,5.554831977,0.115646937,8.647008071,grapes
27,145,205,9.467960445,5.800242694,0.027766473,36.01465653,grapes
9,122,201,29.58748357,5.570290539,0.092130975,10.8541129,grapes
16,139,203,17.82803682,6.27564088,0.052592282,19.01419694,grapes
32,141,204,8.825674745,5.536645599,0.026062798,38.36886624,grapes
22,138,195,27.83487131,6.208196881,0.08122499,12.31148203,grapes
31,144,202,11.02105378,5.870600622,0.031886084,31.36164324,grapes
3,136,205,17.5862944,6.334771461,0.054029926,18.50826166,grapes
28,122,197,19.89363946,5.856575335,0.060212217,16.60792514,grapes
4,136,204,29.93707596,5.898944282,0.08993336,11.11934432,grapes
39,145,201,36.73126647,5.775600435,0.09800329,10.20373913,grapes
38,132,197,20.42094753,5.931101816,0.058367704,17.13276219,grapes
36,133,198,25.51939719,6.2286454,0.072259938,13.83892693,grapes
25,121,201,30.50734778,5.594240603,0.090799273,11.01330402,grapes
15,125,199,18.4269936,5.569230319,0.057306766,17.44994655,grapes
24,140,205,12.087022,5.93202852,0.035466184,28.19587222,grapes
13,132,203,23.60115364,6.423216506,0.07069297,14.14567809,grapes
5,126,197,12.80000387,6.417500829,0.042073183,23.76810928,grapes
30,120,200,38.06099482,6.234904253,0.111602842,8.960345265,grapes
23,142,197,39.06555518,6.000573725,0.110678329,9.035192408,grapes
26,135,203,33.78372897,5.685102769,0.095559695,10.46466296,grapes
7,126,203,16.76201707,5.662140095,0.052863146,18.91677047,grapes
32,139,198,35.89307536,6.358186848,0.099981234,10.00187695,grapes
9,141,202,21.01245395,6.119495295,0.062535381,15.99094771,grapes
20,142,196,10.89875873,6.207600783,0.033236756,30.08717196,grapes
32,129,201,16.36251869,6.48754639,0.047962759,20.84950959,grapes
3,134,199,20.28370163,5.81717753,0.06334435,15.7867276,grapes
38,138,204,25.11108456,6.325480034,0.06871338,14.55320629,grapes
14,131,198,33.4641162,5.562790949,0.100478473,9.952380557,grapes
20,122,204,11.7976469,6.487369687,0.036987419,27.03622023,grapes
40,126,201,11.36300891,6.116982944,0.033686673,29.68533006,grapes
36,128,204,25.23542319,5.695792761,0.071291911,14.02683682,grapes
11,132,197,15.99050693,5.734317007,0.049972079,20.01117456,grapes
0,137,195,22.4359017,6.329499832,0.070590065,14.16629939,grapes
19,123,200,34.76086052,6.167013532,0.10456392,9.563528255,grapes
31,136,197,31.11047251,5.653776058,0.088215584,11.33586558,grapes
4,134,200,28.57828803,5.840256272,0.087509728,11.42730099,grapes
39,139,201,41.18664903,5.539980812,0.11131042,8.983884919,grapes
8,127,196,27.02766138,5.833302165,0.084675714,11.80976163,grapes
39,138,203,21.19339319,6.399433771,0.058403666,17.12221276,grapes
32,120,204,10.38004759,6.138958698,0.031966426,31.28282173,grapes
12,142,203,31.3115978,5.972850838,0.090508677,11.04866439,grapes
8,133,195,20.46657776,6.456079585,0.063888624,15.65223874,grapes
8,139,199,29.36947679,6.336426667,0.087773054,11.39301814,grapes
21,134,202,10.72302459,6.425419926,0.032837604,30.45289185,grapes
40,140,195,14.97846952,6.294395676,0.042609252,23.46908129,grapes
39,127,202,15.3246651,6.477768039,0.044360503,22.54257577,grapes
19,120,195,18.73932187,5.931538447,0.059099766,16.92054075,grapes
21,139,201,19.3642553,5.980598579,0.05641068,17.72713977,grapes
17,136,195,41.20733624,6.389783283,0.121285449,8.245012147,grapes
33,139,203,33.34214482,5.693287415,0.091579053,10.91952765,grapes
22,133,201,23.81995682,6.00299607,0.06971898,14.34329651,grapes
32,130,196,40.66012294,6.372959542,0.116369058,8.593349581,grapes
37,135,205,11.82768186,5.510924849,0.034025681,29.38956579,grapes
15,140,195,13.28504331,5.69945282,0.040814409,24.50115078,grapes
39,132,196,35.83089092,5.778594403,0.100356651,9.964461647,grapes
40,121,199,26.18159716,6.315586313,0.075504437,13.24425485,grapes
40,132,202,24.57558351,5.971813006,0.068383913,14.62332227,grapes
29,142,203,29.67229086,5.891195653,0.082011473,12.19341593,grapes
32,121,199,39.37102553,6.129812716,0.114690413,8.719124555,grapes
6,140,205,17.66558428,6.313085601,0.053178303,18.80466182,grapes
8,120,196,24.06679352,6.053662544,0.077366647,12.9254665,grapes
34,133,202,15.31413469,5.804799142,0.044211747,22.61842304,grapes
35,135,199,21.77466746,6.400719746,0.061719966,16.20221242,grapes
16,145,199,26.91624843,5.953966361,0.077545135,12.89571559,grapes
8,136,201,41.65602996,5.609255992,0.123640667,8.087953809,grapes
25,129,195,17.98667801,5.777271492,0.054403089,18.38130924,grapes
16,130,201,29.12033769,5.682395429,0.086802126,11.52045517,grapes
39,129,203,34.38922481,5.863996687,0.095388746,10.48341697,grapes
38,135,203,41.36106301,6.444373116,0.112662402,8.876075653,grapes
33,120,205,35.12158265,5.550832178,0.100898276,9.910972159,grapes
35,125,204,19.6491772,6.107741788,0.056728509,17.62782103,grapes
1,132,200,16.27852801,5.620745638,0.051887472,19.27247505,grapes
39,140,203,21.11903604,6.349875906,0.057903236,17.27019203,grapes
28,145,202,19.2077707,6.484323189,0.053887389,18.55721769,grapes
6,128,200,25.96308415,5.838748311,0.080727797,12.38730696,grapes
6,139,199,25.67385024,6.29099842,0.077540262,12.89652588,grapes
29,122,196,41.94865736,5.638328481,0.123771347,8.079414383,grapes
37,144,197,11.18994268,6.415555956,0.032248526,31.0091696,grapes
38,120,197,17.5438296,6.323722572,0.05223614,19.14383424,grapes
38,141,198,13.05809741,5.757009965,0.037289383,26.81728466,grapes
14,121,203,9.724457611,6.158689406,0.031729165,31.51674539,grapes
6,125,204,27.92004934,5.733539807,0.086328505,11.58365935,grapes
32,138,197,9.535585543,5.908724337,0.028707318,34.83432397,grapes
11,124,204,13.42988625,6.361141107,0.042566036,23.49290868,grapes
23,138,200,9.851242629,5.96537863,0.030058844,33.26807927,grapes
40,143,201,24.97256132,6.476757723,0.067636878,14.7848337,grapes
6,142,202,27.23708304,6.224542938,0.08067738,12.39504801,grapes
37,124,195,18.70679077,6.209928251,0.055356154,18.06483887,grapes
35,134,204,9.949929082,5.841138354,0.029356378,34.06414756,grapes
119,25,51,26.47330219,6.283818329,0.140888729,7.097799844,watermelon
119,19,55,25.18780042,6.818261383,0.135688085,7.369843855,watermelon
105,30,50,25.29954705,6.37620108,0.142159714,7.034341681,watermelon
114,8,50,24.74631269,6.581587932,0.149687864,6.680568285,watermelon
93,22,52,26.58740671,6.932739726,0.165194052,6.053486714,watermelon
80,26,55,24.53442564,6.140099215,0.158598917,6.305213294,watermelon
85,27,45,26.0713757,6.467095849,0.172429145,5.799483622,watermelon
85,22,53,25.96534238,6.849471704,0.16853339,5.933542313,watermelon
82,22,45,26.22338015,6.512196212,0.182707249,5.473236577,watermelon
118,13,54,24.41311871,6.039584629,0.137368209,7.279704711,watermelon
83,25,53,26.49195283,6.057697106,0.170757471,5.856259139,watermelon
86,15,47,24.04355803,6.423898762,0.16921323,5.909703398,watermelon
101,10,47,25.5421695,6.936997681,0.167988415,5.952791463,watermelon
119,9,50,26.74550678,6.251286661,0.155873634,6.415453191,watermelon
104,17,46,25.7131428,6.190015912,0.159958939,6.25160436,watermelon
95,12,51,25.76484262,6.681606702,0.169397738,5.903266544,watermelon
102,14,52,26.79489868,6.51075991,0.165445825,6.044274596,watermelon
109,21,55,24.9004602,6.770278088,0.140002488,7.142730228,watermelon
81,18,50,26.80750629,6.429788073,0.186627559,5.358265443,watermelon
103,17,51,25.11189154,6.209888345,0.15270112,6.548740436,watermelon
105,14,50,26.2148837,6.419052193,0.161034815,6.209837303,watermelon
97,8,52,24.9103226,6.237861736,0.165033902,6.059361067,watermelon
120,19,49,25.79448878,6.762471629,0.142523876,7.016368237,watermelon
95,16,55,25.26931156,6.612847999,0.158248865,6.319160653,watermelon
83,29,52,25.76402693,6.704688865,0.163195286,6.12762797,watermelon
83,9,45,25.85483596,6.049609892,0.1960207,5.101502024,watermelon
91,21,50,24.33528185,6.762030215,0.156390629,6.394245028,watermelon
116,5,54,25.37601283,6.65398725,0.150720073,6.634816306,watermelon
112,28,54,24.86094646,6.738030547,0.133303848,7.501658932,watermelon
88,29,51,24.71885473,6.095689937,0.153088421,6.532172671,watermelon
118,15,45,24.21495706,6.538006356,0.141657062,7.059302127,watermelon
92,21,48,25.81692236,6.377427122,0.166564735,6.00367178,watermelon
106,14,45,24.47018505,6.417011754,0.154364758,6.478162592,watermelon
99,5,47,24.13078816,6.649086972,0.166429061,6.008566028,watermelon
98,8,51,26.1793464,6.25933595,0.173116856,5.776445014,watermelon
108,22,46,26.17668721,6.121168559,0.154412996,6.476138855,watermelon
119,7,55,26.03867719,6.031424482,0.149384957,6.694114462,watermelon
117,27,48,26.53259325,6.835268184,0.143398923,6.973553063,watermelon
109,10,53,26.81938687,6.551750306,0.161740621,6.182738707,watermelon
80,16,46,25.50405534,6.940236218,0.186648277,5.357670673,watermelon
100,18,52,26.20234499,6.87606733,0.160013794,6.249461216,watermelon
91,7,53,25.13735887,6.457216535,0.173095092,5.777171318,watermelon
86,6,53,25.92030221,6.921847888,0.185657257,5.386269399,watermelon
107,5,52,26.6634609,6.881425746,0.16867964,5.928397773,watermelon
103,16,49,24.06731461,6.915717008,0.149210206,6.701954422,watermelon
101,20,48,24.6774157,6.206247494,0.151937371,6.581659228,watermelon
85,25,47,26.11440416,6.29542477,0.172703211,5.790280291,watermelon
84,7,51,26.81530456,6.399669044,0.195882426,5.105103189,watermelon
102,28,54,25.15623099,6.862157042,0.142153429,7.034652663,watermelon
98,25,52,25.2801372,6.224066378,0.150172213,6.659021552,watermelon
97,25,50,26.22005978,6.093814669,0.158256162,6.318869297,watermelon
90,16,45,24.92093261,6.291540278,0.171661805,5.825407684,watermelon
95,12,46,26.21667586,6.32281728,0.17788677,5.621553521,watermelon
82,23,49,26.81383586,6.873283991,0.180609324,5.536812713,watermelon
82,25,51,24.31334971,6.074209622,0.160211074,6.24176578,watermelon
110,28,46,24.29105004,6.49889585,0.137451359,7.275300935,watermelon
118,21,51,24.42998931,6.678805092,0.133842049,7.471493506,watermelon
120,20,45,25.66576039,6.114128685,0.144139245,6.937735782,watermelon
91,7,52,25.07803672,6.405054243,0.173853578,5.751966745,watermelon
81,6,55,24.88910524,6.110142735,0.182317643,5.484932704,watermelon
101,13,54,25.42900869,6.828982708,0.157315528,6.356651586,watermelon
101,17,55,24.37118217,6.451499764,0.146654232,6.818759916,watermelon
111,6,53,26.4930645,6.313512999,0.161723909,6.18337763,watermelon
107,10,49,25.83202912,6.755192025,0.16163873,6.1866361,watermelon
115,11,46,24.41592661,6.623167177,0.147767015,6.767410161,watermelon
84,25,52,24.37190239,6.12532356,0.157589456,6.345602215,watermelon
120,7,47,24.24782473,6.653867608,0.145102441,6.891682823,watermelon
91,12,46,24.64458469,6.343942518,0.172111307,5.810193528,watermelon
89,22,52,24.89681131,6.217300786,0.158876143,6.294211208,watermelon
113,19,46,25.41864024,6.286387658,0.148419327,6.73766698,watermelon
97,22,50,26.26028739,6.7698938,0.161303476,6.199494436,watermelon
117,30,50,24.90123934,6.744966312,0.131478372,7.605813661,watermelon
90,14,52,24.84740848,6.391858432,0.165688516,6.035421312,watermelon
104,23,47,26.98212846,6.770434148,0.16081683,6.218254635,watermelon
81,16,45,26.90435747,6.727468157,0.19650956,5.088810956,watermelon
88,5,47,25.86475496,6.662244646,0.191891107,5.211288925,watermelon
92,7,45,26.70607759,6.944640222,0.192403317,5.197415604,watermelon
81,18,50,26.44019475,6.507110986,0.184162381,5.429990616,watermelon
111,5,55,26.283443,6.520663422,0.159552298,6.267537422,watermelon
108,23,51,26.84366082,6.106500787,0.152987147,6.536496805,watermelon
113,30,50,26.03967219,6.277484043,0.140101928,7.137660495,watermelon
83,10,53,24.92994759,6.195142279,0.177602381,5.630555152,watermelon
101,11,51,25.50736962,6.792035575,0.1626219,6.149233301,watermelon
114,21,55,25.4438391,6.472756256,0.139178101,7.185038424,watermelon
99,6,45,26.12588914,6.000975617,0.180839261,5.529772655,watermelon
92,20,55,25.10474753,6.587791262,0.156315853,6.397303778,watermelon
92,7,48,26.27520631,6.956508826,0.185545621,5.389510104,watermelon
91,24,55,26.27061608,6.259086583,0.160415389,6.233815896,watermelon
110,21,54,26.73690828,6.747537642,0.149929234,6.669813309,watermelon
112,25,51,25.04746944,6.932537231,0.138550369,7.217591729,watermelon
89,25,54,24.69368934,6.353107393,0.152938627,6.538570533,watermelon
100,10,53,24.54356968,6.211748957,0.156709016,6.381253757,watermelon
83,22,54,25.89762315,6.277245254,0.169167441,5.911302984,watermelon
95,14,50,26.6333118,6.560443519,0.173794414,5.75392487,watermelon
119,30,49,25.35794749,6.903020221,0.133120947,7.511965796,watermelon
97,12,47,25.28784623,6.765094964,0.168511835,5.934301298,watermelon
110,7,45,26.63838589,6.189213927,0.17060732,5.861413204,watermelon
96,18,50,25.3310446,6.904241707,0.16055515,6.228389435,watermelon
83,23,55,26.89750174,6.463271076,0.173276408,5.771126085,watermelon
120,24,47,26.98603693,6.260838965,0.146523754,6.824831986,watermelon
115,17,55,27.57826922,6.776533055,0.152824969,6.543433354,muskmelon
114,27,48,27.82054812,6.528404378,0.152489673,6.557821149,muskmelon
101,25,52,29.09910406,6.750145572,0.16909609,5.913797289,muskmelon
118,18,52,28.04943594,6.562832807,0.154518276,6.471726349,muskmelon
95,26,45,29.91690582,6.117530021,0.186246421,5.369230704,muskmelon
81,25,49,29.86895762,6.076459669,0.199154565,5.021225592,muskmelon
117,24,53,29.17220859,6.293486295,0.155526848,6.429758015,muskmelon
114,30,51,29.24908541,6.069171847,0.155123515,6.446475897,muskmelon
113,6,52,27.76317235,6.740983646,0.168205686,5.945102227,muskmelon
108,26,52,28.82629037,6.201797639,0.1603564,6.236109073,muskmelon
81,30,48,28.52379742,6.041027474,0.185684261,5.385486079,muskmelon
115,9,52,29.06785065,6.019372459,0.170840061,5.853428037,muskmelon
83,7,45,29.08417927,6.704104127,0.222845772,4.487408441,muskmelon
84,21,55,28.47090661,6.494251024,0.184193166,5.429083065,muskmelon
109,26,45,28.27973674,6.224535449,0.162665204,6.147596257,muskmelon
95,27,55,28.47212559,6.160414414,0.166509184,6.005674734,muskmelon
119,5,55,29.68846716,6.168757984,0.171443951,5.832810061,muskmelon
110,14,51,27.02415146,6.085444691,0.160138008,6.244613695,muskmelon
82,18,48,29.09588297,6.159050816,0.203350561,4.917616145,muskmelon
87,14,48,29.69238699,6.606033244,0.205989174,4.854624049,muskmelon
85,9,53,28.20619412,6.447662945,0.198681593,5.0331789,muskmelon
100,6,53,29.05248036,6.105909623,0.18900931,5.290744661,muskmelon
107,12,46,29.57240298,6.559763394,0.185287291,5.397024241,muskmelon
91,13,47,29.10968327,6.14410903,0.199401876,5.014997954,muskmelon
102,25,50,28.20480805,6.099662369,0.164998916,6.060645894,muskmelon
117,25,53,29.11858526,6.413927319,0.154454283,6.474407689,muskmelon
85,21,52,29.62800691,6.075144116,0.193848145,5.15867717,muskmelon
104,25,55,29.81196601,6.123802502,0.167456337,5.971705926,muskmelon
102,24,54,27.72338349,6.698468621,0.159574353,6.266671197,muskmelon
116,25,50,29.26092798,6.088885814,0.158434178,6.311769425,muskmelon
100,17,48,29.72791119,6.367800632,0.186229765,5.369710911,muskmelon
110,25,54,28.91105641,6.425930938,0.158259558,6.318733695,muskmelon
104,25,51,28.96361426,6.469983276,0.166464524,6.007285985,muskmelon
107,11,54,28.59052369,6.094016338,0.172037928,5.812671712,muskmelon
98,26,52,27.33897716,6.150090899,0.161016916,6.210527607,muskmelon
88,17,52,29.90415889,6.646962425,0.196841776,5.080222392,muskmelon
87,25,46,27.42711692,6.379690748,0.179918462,5.558073316,muskmelon
120,8,46,29.55657523,6.732834334,0.175612501,5.694355427,muskmelon
95,13,46,29.84070774,6.126019932,0.200264336,4.993400323,muskmelon
108,22,47,28.53545677,6.161123579,0.166866987,5.992797111,muskmelon
82,13,52,27.11535046,6.442810053,0.191260887,5.228460524,muskmelon
120,23,55,27.84492803,6.732049075,0.145681455,6.864291698,muskmelon
110,22,47,29.03157242,6.243673725,0.167774148,5.960393865,muskmelon
95,23,45,27.82424457,6.266208727,0.176835856,5.654961732,muskmelon
106,10,49,27.72653142,6.350623739,0.17410019,5.743819105,muskmelon
99,12,52,28.69708334,6.002927293,0.182190695,5.488754506,muskmelon
106,20,51,29.73019662,6.342573112,0.17361693,5.759806948,muskmelon
83,11,53,29.54097171,6.163921248,0.207761712,4.813206384,muskmelon
117,19,55,28.80311922,6.121745389,0.156037273,6.40872516,muskmelon
98,26,49,27.29035669,6.130160473,0.163528073,6.115157963,muskmelon
113,20,48,27.46583649,6.440584681,0.157269815,6.358499251,muskmelon
101,17,47,29.49401389,6.185053234,0.184812205,5.41089804,muskmelon
98,7,45,27.79161808,6.157724816,0.191944121,5.209849602,muskmelon
93,22,48,29.12533739,6.776987974,0.184818021,5.410727783,muskmelon
95,21,47,27.93114233,6.431970877,0.177491671,5.634067198,muskmelon
109,12,48,29.45771748,6.708743843,0.18022318,5.548675803,muskmelon
118,12,47,27.96872279,6.010739645,0.163665101,6.110038102,muskmelon
100,14,49,29.48882958,6.365956658,0.187048034,5.346220312,muskmelon
89,9,47,29.47156259,6.668382766,0.210148708,4.758535096,muskmelon
95,16,46,27.0767265,6.74669542,0.178832653,5.591819972,muskmelon
95,7,45,27.30008597,6.031665834,0.192517592,5.19433051,muskmelon
87,6,45,29.82729394,6.40077205,0.223386188,4.476552508,muskmelon
93,20,50,29.93061247,6.448792689,0.189758359,5.269860083,muskmelon
84,29,49,29.94349168,6.251420275,0.191009208,5.235349704,muskmelon
111,5,47,28.03306461,6.274452811,0.178116961,5.614288474,muskmelon
111,5,52,29.8843055,6.135996372,0.183835152,5.439656074,muskmelon
111,15,54,27.7058373,6.194090172,0.159476874,6.270501645,muskmelon
89,11,47,29.78714005,6.327822962,0.209436327,4.774720866,muskmelon
110,15,48,28.57819995,6.212567211,0.170972254,5.848902242,muskmelon
95,30,52,29.48069921,6.640470863,0.17220734,5.806953403,muskmelon
115,12,52,27.51492243,6.685553129,0.159301243,6.277414937,muskmelon
120,25,50,28.05457761,6.327210469,0.148997834,6.711506965,muskmelon
102,11,45,29.03167341,6.35544263,0.190073882,5.261112088,muskmelon
94,5,55,28.5854649,6.085682344,0.192113408,5.205258749,muskmelon
84,18,46,27.08808014,6.781050373,0.189784325,5.269139053,muskmelon
107,22,54,27.99611732,6.630301421,0.158448729,6.311189804,muskmelon
80,18,52,27.87317436,6.484799661,0.192487829,5.19513366,muskmelon
86,18,45,28.96586565,6.566759102,0.201113192,4.972324235,muskmelon
113,28,48,28.87726019,6.170520518,0.158080742,6.325881249,muskmelon
115,18,53,29.17052093,6.012480351,0.162207102,6.164958187,muskmelon
82,20,54,29.34033587,6.541150335,0.194489333,5.141670174,muskmelon
98,22,47,29.07265321,6.341400922,0.180075768,5.553218029,muskmelon
117,25,54,28.68275966,6.150686364,0.151442651,6.60315962,muskmelon
83,15,49,28.92705913,6.438008153,0.203585436,4.911942712,muskmelon
120,16,51,27.99901833,6.547041903,0.155074964,6.448494148,muskmelon
111,5,50,27.59350075,6.399891457,0.172250005,5.805515087,muskmelon
85,21,47,29.87331077,6.186770318,0.201786345,4.955736725,muskmelon
90,23,54,28.55852465,6.159020864,0.176997154,5.649808371,muskmelon
99,29,55,29.19378695,6.660954816,0.164993371,6.060849548,muskmelon
102,11,47,27.98780984,6.504906979,0.181173812,5.519561529,muskmelon
80,18,51,28.05380704,6.706053225,0.194991994,5.128415694,muskmelon
87,21,52,27.3506296,6.067665498,0.177191435,5.643613643,muskmelon
114,8,52,29.34081108,6.419083092,0.174372477,5.734849986,muskmelon
99,6,46,28.61475136,6.39637861,0.196124181,5.098810325,muskmelon
89,25,50,27.04863538,6.375923383,0.171028265,5.846986771,muskmelon
96,13,55,29.5275305,6.700337732,0.186143479,5.372200021,muskmelon
82,26,47,28.50416396,6.565312653,0.190349445,5.253495751,muskmelon
106,21,52,28.89578588,6.286515359,0.167015564,5.98746595,muskmelon
90,15,52,27.04927452,6.448061578,0.178657799,5.597292717,muskmelon
106,16,54,28.96017885,6.585872508,0.170228289,5.874464264,muskmelon
24,128,196,22.75088787,5.521466996,0.068249678,14.65208383,apple
7,144,197,23.8494014,6.133220586,0.071406326,14.00436149,apple
14,128,205,22.60800988,6.226289556,0.068034611,14.69840117,apple
8,120,201,21.18667419,6.321152192,0.0674367,14.82872093,apple
20,129,201,23.41044706,5.587905967,0.069744134,14.33812331,apple
32,137,204,22.86006627,5.824151693,0.063968006,15.63281492,apple
27,139,205,22.48403042,5.772179946,0.063299273,15.79796966,apple
0,123,205,22.02775403,5.790993052,0.070206567,14.24368176,apple
22,144,196,21.91191314,6.499226821,0.063292578,15.7996409,apple
1,124,199,23.71059131,5.658473817,0.076267257,13.1117866,apple
30,122,197,21.37784654,5.573241391,0.064119904,15.59578127,apple
29,121,196,22.84852833,6.079497202,0.068926382,14.50823276,apple
13,126,204,23.1094265,6.383180271,0.070289873,14.22680046,apple
9,139,199,23.25230817,5.867420996,0.069891378,14.30791649,apple
0,133,200,23.67287749,5.708418722,0.074092725,13.49660169,apple
30,143,199,23.76881552,5.7983508,0.066582837,15.01888533,apple
36,140,198,23.34386401,6.28188384,0.065090545,15.36321431,apple
37,137,199,22.63946441,5.697945522,0.06337658,15.77869928,apple
33,121,203,22.45696744,5.605934087,0.065705791,15.21935864,apple
7,144,195,22.96388477,5.85648105,0.069259783,14.43839358,apple
35,128,205,21.07273439,6.041053829,0.059980256,16.67215278,apple
29,128,198,22.44075021,5.685062404,0.066030282,15.14456648,apple
2,143,196,22.71271308,5.669489065,0.069538748,14.38047173,apple
34,140,198,21.70416965,5.751707342,0.061032714,16.38465558,apple
29,144,204,22.43324518,5.800448951,0.062157149,16.08825398,apple
32,141,203,21.25941052,5.821347769,0.05920056,16.89173214,apple
13,144,197,22.9215706,6.28022267,0.067575058,14.79835944,apple
25,143,198,22.81212536,6.027314401,0.065060452,15.37032056,apple
9,137,200,21.12152071,5.636687393,0.063935031,15.6408777,apple
6,144,198,21.11478672,5.559363609,0.063548238,15.7360776,apple
37,126,196,23.59997268,5.596449493,0.068523601,14.59351214,apple
2,120,203,23.12652652,5.893492999,0.074235466,13.47065023,apple
11,143,197,22.98458907,5.875718516,0.068332163,14.63439707,apple
10,141,201,22.12659387,6.386021424,0.065700551,15.22057256,apple
24,142,202,22.53779727,5.710819862,0.063961406,15.63442814,apple
23,138,195,22.49095104,5.795985716,0.065985818,15.1547717,apple
18,125,204,22.35548159,6.046673619,0.067306863,14.85732583,apple
13,121,196,22.20700989,6.443382913,0.070324272,14.2198414,apple
26,122,202,22.44516988,5.617227184,0.0669862,14.92844803,apple
28,123,202,22.76643029,6.442289294,0.067326998,14.85288265,apple
26,121,201,22.19109412,6.162034371,0.066641075,15.00576032,apple
21,137,196,23.6119202,5.812781806,0.069525198,14.38327433,apple
21,135,198,23.86087054,5.765015126,0.070228448,14.23924393,apple
5,144,205,21.42177231,6.184922574,0.06333834,15.78822562,apple
2,123,205,22.36629253,5.739652177,0.070806947,14.12290801,apple
15,133,199,23.99686172,5.824778636,0.072037065,13.88174259,apple
31,130,198,21.80129837,5.554823557,0.063513366,15.74471744,apple
25,143,200,23.80436344,6.024248787,0.067403162,14.83609934,apple
16,143,204,23.71475278,5.631333387,0.068084718,14.6875837,apple
19,122,202,23.34467359,5.811975094,0.070975725,14.08932425,apple
10,125,196,22.31253665,5.730557448,0.070430624,14.1983691,apple
20,139,202,23.50201428,5.66999105,0.067872616,14.73348256,apple
28,123,198,23.46260321,5.682751473,0.070093419,14.26667461,apple
28,136,200,23.06204373,6.245858905,0.066104516,15.12755957,apple
2,131,199,22.47420512,6.017370134,0.070705437,14.1431839,apple
2,140,197,22.69780133,5.53456749,0.069905019,14.30512457,apple
27,138,201,23.66682067,5.952367662,0.067395685,14.8377452,apple
30,127,204,22.50050273,6.126436584,0.065098346,15.36137351,apple
32,145,203,23.83053666,6.406818518,0.065343518,15.30373689,apple
29,139,205,23.64142354,6.155939453,0.066062798,15.13711249,apple
26,126,195,21.41363812,5.878568981,0.064592617,15.48164551,apple
40,136,202,22.85267372,5.935336308,0.063102311,15.84728003,apple
6,124,200,22.98208095,5.971332179,0.072672973,13.76027379,apple
35,138,200,21.19909519,5.67130617,0.059515001,16.80248662,apple
17,136,196,23.87192332,5.882155988,0.071266256,14.0318863,apple
33,134,205,21.0365275,6.08551916,0.059237977,16.88106259,apple
16,143,197,22.61711614,5.90402645,0.066340214,15.07381333,apple
27,120,200,21.45278675,6.110218826,0.064705437,15.45465175,apple
29,145,205,22.81227579,6.212302608,0.062829224,15.91616036,apple
3,141,197,21.98141856,6.142803397,0.067394189,14.83807447,apple
15,123,204,22.52709326,6.365972688,0.06879267,14.53643237,apple
5,136,195,22.35628673,6.264202804,0.069512758,14.3858484,apple
10,136,204,21.19852186,6.276198595,0.063424348,15.76681557,apple
7,141,195,23.8812458,5.514253142,0.072540075,13.78548336,apple
2,129,201,22.78234161,5.682343744,0.071633559,13.9599374,apple
29,138,197,22.19055385,5.830892252,0.063710313,15.696046,apple
30,137,200,22.91430043,5.603413172,0.065161582,15.34646606,apple
29,132,204,23.08950736,6.0967531,0.06599865,15.15182501,apple
14,139,197,21.72484506,6.056529526,0.064928129,15.40164516,apple
18,125,203,22.44307715,6.160267496,0.067754558,14.7591546,apple
33,143,204,21.1316077,5.814434775,0.058241073,17.17001337,apple
40,144,196,22.71750705,5.987262638,0.062414492,16.02191998,apple
9,143,197,23.75033085,5.570020684,0.070917853,14.10082161,apple
38,135,203,23.76121837,5.965551311,0.065854304,15.18503631,apple
28,130,196,22.13450646,6.062356467,0.065351713,15.30181768,apple
35,142,203,21.17089176,5.895319002,0.058344452,17.13959024,apple
12,129,205,22.36238282,6.119432215,0.067521338,14.81013314,apple
1,135,203,22.77856513,5.624203283,0.07014326,14.25653727,apple
0,145,205,21.22503442,5.52078314,0.063500098,15.74800711,apple
31,121,201,23.15791104,5.731535258,0.068436009,14.61219057,apple
35,131,203,22.42776057,5.893490899,0.063489866,15.75054512,apple
29,140,195,23.64082979,5.560521058,0.067694587,14.7722298,apple
33,138,198,22.29423493,6.222390798,0.063128008,15.84082933,apple
14,140,197,23.35225078,6.071255131,0.069379632,14.41345209,apple
35,145,195,22.03911546,6.231950009,0.061437641,16.27666655,apple
40,120,197,23.80593812,5.889480679,0.069484421,14.39171533,apple
25,132,198,22.31944084,5.732757516,0.065688566,15.22334958,apple
31,137,196,22.14464104,6.400321212,0.063584179,15.72718278,apple
36,144,196,23.65167552,6.496934492,0.065562967,15.25251295,apple
10,140,197,22.16939473,6.229498836,0.06677059,14.97665364,apple
22,30,12,15.78144173,6.354006744,0.262210027,3.813736688,orange
37,6,13,26.03097313,7.511755068,0.482695949,2.07169752,orange
27,13,6,13.36050601,7.335158382,0.312184913,3.203229745,orange
7,16,9,18.87957654,7.813916603,0.621236767,1.609692235,orange
20,7,9,29.47741671,7.129136941,0.846594909,1.181202473,orange
26,27,10,28.06903173,6.079998496,0.461413202,2.16725485,orange
5,23,15,25.66901098,7.408939392,0.620209558,1.612358255,orange
0,18,14,29.77149434,7.207991261,0.961609198,1.039923497,orange
39,24,14,30.55472573,7.189259647,0.409801633,2.440205016,orange
13,23,6,23.96147583,7.365338111,0.594320853,1.68259282,orange
21,17,15,23.98289638,7.455991072,0.471375403,2.12145138,orange
33,12,8,25.26052689,6.822282114,0.495481639,2.018238256,orange
6,9,12,31.08368929,7.028746406,1.188284789,0.841549105,orange
19,7,10,14.78003032,6.118430299,0.438334176,2.281364438,orange
24,18,6,26.56608303,6.285312759,0.574293396,1.74127024,orange
9,11,8,24.85903405,6.559236744,0.92353693,1.082793733,orange
31,8,7,34.51465139,7.163245982,0.772057639,1.295240083,orange
22,17,5,24.12188673,6.945562889,0.570951971,1.751460807,orange
13,5,8,23.85340379,7.474710503,0.955900146,1.046134373,orange
16,8,9,24.60297538,7.601189843,0.775847739,1.288912695,orange
4,13,6,15.63211033,7.561143224,0.723135232,1.382867209,orange
0,25,14,19.33516809,6.361671475,0.521414566,1.917859731,orange
8,7,10,28.2620488,6.929216014,1.170481952,0.854348927,orange
4,23,5,22.67594476,7.477935216,0.739873274,1.351582812,orange
33,14,8,21.03200078,7.684420446,0.400581832,2.49636883,orange
30,7,15,33.23453301,7.825531916,0.658356404,1.518934112,orange
21,29,12,22.30318989,6.438668989,0.375857901,2.660579959,orange
11,14,5,11.50322938,6.946354724,0.416774313,2.399380119,orange
9,8,15,14.34320488,7.994465371,0.479475153,2.085613811,orange
5,18,14,33.1056981,7.434118807,0.921775624,1.084862708,orange
29,25,14,30.49183837,7.781988584,0.46311527,2.159289629,orange
33,12,15,30.25578031,6.052318465,0.520929672,1.919644923,orange
8,16,6,12.22816189,7.106650373,0.44093873,2.267888785,orange
15,14,8,10.01081312,6.22094286,0.297589544,3.36033312,orange
16,7,8,22.79196751,6.420457311,0.767482823,1.302960757,orange
0,12,7,20.18432263,6.969249676,1.114964349,0.896889664,orange
5,25,6,30.72119881,6.011302181,0.881144411,1.134887752,orange
6,8,11,24.35590861,6.600948788,1.014236344,0.985963484,orange
10,5,5,21.21306973,7.817846496,1.110653487,0.900370829,orange
1,17,6,10.78689755,6.8198271,0.491120731,2.03615921,orange
1,30,10,11.89925671,7.291405641,0.314616017,3.178477716,orange
0,23,15,22.56664172,7.598729065,0.620174782,1.612448666,orange
24,27,9,18.86883219,6.157135092,0.331147203,3.019805061,orange
36,11,13,17.34083741,7.1917274,0.305680624,3.27138825,orange
40,21,8,34.90665289,7.418761774,0.520386274,1.921649456,orange
40,22,6,24.53610067,6.488221135,0.375530892,2.66289677,orange
32,18,13,13.8377282,6.044167236,0.235519495,4.245933013,orange
9,10,10,22.3551049,6.010391864,0.805348445,1.241698555,orange
13,16,8,34.74004942,6.949838549,0.965947282,1.035253185,orange
15,9,11,11.54785707,7.907956251,0.358510202,2.789320902,orange
29,11,5,23.13338811,7.639788459,0.536297514,1.864636652,orange
1,15,9,29.98364695,7.53350946,1.239345878,0.806877255,orange
18,5,11,20.87947369,6.251586885,0.643513932,1.55396791,orange
14,22,9,17.24944623,6.543191814,0.40554325,2.465828247,orange
33,15,7,15.83388699,7.651225301,0.306070673,3.267219272,orange
4,6,7,23.01014302,6.708889665,1.412361354,0.7080341,orange
17,16,14,16.39624284,6.625538653,0.370132826,2.701732807,orange
12,20,10,24.45132792,6.528354932,0.605983998,1.650208592,orange
34,29,8,31.87859192,6.450640306,0.463078759,2.159459875,orange
39,28,10,31.34920143,7.181907673,0.420119499,2.380275141,orange
31,25,12,18.05142392,7.016482298,0.280167999,3.569287014,orange
12,6,8,30.84835031,6.388617138,1.22493655,0.816368815,orange
12,29,13,22.45616931,7.57125447,0.434373506,2.302166193,orange
26,11,11,13.70319166,7.609348255,0.306316493,3.264597314,orange
19,24,15,20.48954522,7.137136973,0.3705094,2.698986852,orange
39,21,9,13.20844373,6.354022554,0.205919474,4.856267253,orange
16,29,13,32.31944397,6.196907944,0.574473172,1.740725327,orange
36,29,13,20.68185224,7.829507245,0.277972465,3.597478626,orange
37,23,12,31.52675982,6.395258356,0.451760553,2.213562015,orange
39,9,15,25.35467646,7.992041984,0.418328198,2.390467593,orange
31,5,14,17.66545409,6.583411671,0.373309082,2.678745438,orange
18,12,8,12.59093977,6.206053072,0.35765631,2.795980311,orange
20,20,10,11.86631922,6.976997772,0.257326384,3.886115302,orange
5,8,5,11.03367937,6.562594972,0.668537743,1.495801861,orange
20,8,12,25.2990432,7.260416405,0.65747608,1.520967881,orange
25,21,11,32.23797837,6.460044778,0.583122428,1.714905743,orange
14,19,14,17.68408797,6.699164936,0.397533787,2.515509458,orange
37,18,12,10.2708877,7.401121811,0.168222204,5.944518461,orange
26,15,6,17.22034507,6.912033409,0.387666916,2.579534022,orange
13,22,5,19.667056,7.764040111,0.5166764,1.93544741,orange
32,25,9,10.35609594,7.796034006,0.17206206,5.8118565,orange
19,7,9,27.255435,6.969883483,0.807298143,1.23869974,orange
28,7,9,34.5917846,6.730757538,0.808904195,1.236240343,orange
24,30,11,32.39523995,6.601395755,0.513772922,1.946385176,orange
7,17,10,10.16431299,6.465913274,0.328362147,3.045418024,orange
18,23,8,21.49118657,6.41354791,0.459003808,2.178631165,orange
7,20,12,16.53460397,6.475275337,0.44960523,2.224173415,orange
20,23,11,31.8520694,6.407715561,0.608371656,1.643732069,orange
18,14,11,28.04799508,6.550814117,0.675534769,1.480308706,orange
34,11,10,31.75048899,7.36220835,0.595463436,1.679364238,orange
20,29,10,29.07412717,7.36549204,0.509730969,1.961819196,orange
37,24,13,19.14381903,7.8546243,0.272213771,3.67358344,orange
12,8,10,16.14820285,7.995848977,0.571606762,1.749454463,orange
34,10,14,34.05296914,6.725600855,0.604361537,1.65463872,orange
6,13,9,34.51423957,7.786725333,1.268365699,0.788416149,orange
27,30,5,32.71748548,7.656978112,0.543830411,1.838808533,orange
13,8,12,25.16296632,7.105904818,0.792817161,1.261324866,orange
6,7,7,27.68167318,7.199106204,1.434083659,0.697309389,orange
40,17,15,21.35093384,7.871063004,0.310429637,3.221341914,orange
31,26,9,11.69894639,7.566165721,0.192408279,5.197281568,orange
61,68,50,35.21462816,6.793245417,0.202316358,4.94275405,papaya
58,46,45,42.39413392,6.576261427,0.291235798,3.433643826,papaya
45,47,55,38.4191628,6.751452932,0.26815757,3.729150737,papaya
39,65,53,35.33294932,6.560743093,0.231420059,4.321146588,papaya
31,68,45,42.92325255,6.938313356,0.305022587,3.278445735,papaya
70,68,45,33.83508569,6.991626158,0.19035566,5.253324238,papaya
68,62,50,33.20258348,6.977700268,0.190014353,5.262760344,papaya
34,65,47,23.48546973,6.833768535,0.167708697,5.962719997,papaya
38,68,54,29.33710543,6.739170045,0.189606909,5.274069419,papaya
69,64,47,40.21199348,6.993473247,0.228955519,4.367660596,papaya
58,51,47,42.13473976,6.757470637,0.276504742,3.616574503,papaya
59,47,53,32.86316618,6.850663232,0.212975888,4.695367207,papaya
44,64,54,29.80744318,6.74274935,0.190169402,5.258469489,papaya
56,57,48,31.56213762,6.506120752,0.202249302,4.944392837,papaya
69,60,54,36.32268069,6.98992719,0.203949075,4.903184782,papaya
56,58,49,37.13165026,6.69215564,0.233936505,4.274664193,papaya
49,55,53,38.4418717,6.544029776,0.251222113,3.980541319,papaya
38,51,52,32.66160599,6.927803911,0.238734794,4.188748453,papaya
54,65,47,27.92765919,6.721835879,0.174263007,5.738452562,papaya
57,57,51,39.01793345,6.99223441,0.24253293,4.123151442,papaya
39,52,53,32.51247398,6.704204398,0.232725514,4.296907476,papaya
58,67,45,38.72382798,6.702424548,0.233669576,4.27954728,papaya
61,64,52,43.30204933,6.641098708,0.250294064,3.995300504,papaya
34,62,55,27.58548913,6.585346229,0.189307875,5.282400427,papaya
31,48,45,40.78881819,6.563134737,0.337006598,2.967300952,papaya
47,46,52,23.19451074,6.502289473,0.166858695,5.993094944,papaya
32,68,52,32.68067385,6.800321319,0.221583381,4.51297384,papaya
36,59,46,34.28879307,6.721130543,0.250275128,3.995602789,papaya
61,51,51,39.30050027,6.574677594,0.247242333,4.044614804,papaya
70,54,46,39.73149053,6.919342407,0.239597003,4.173674908,papaya
44,56,49,39.23342464,6.519779583,0.270022984,3.703388447,papaya
34,68,51,27.34734861,6.687088098,0.185276788,5.397330174,papaya
50,59,47,40.76998685,6.747975732,0.267756326,3.734739026,papaya
39,70,52,26.26559543,6.65149129,0.169351524,5.904877464,papaya
34,61,49,28.12971499,6.502675132,0.202289687,4.94340573,papaya
44,60,55,34.2804607,6.825371185,0.22188969,4.50674387,papaya
31,62,52,33.7960155,6.99104104,0.239972521,4.167143793,papaya
65,62,51,31.53243779,6.511624841,0.182766504,5.471462088,papaya
44,57,53,42.30495821,6.93172108,0.281201027,3.556174775,papaya
50,47,48,24.63676897,6.712772333,0.176805303,5.655938943,papaya
43,50,48,28.28222883,6.63016515,0.207675382,4.815207231,papaya
60,46,53,24.48620746,6.761953186,0.160290613,6.238668513,papaya
70,68,55,42.84609252,6.691202286,0.227181827,4.401760543,papaya
59,62,52,43.67549305,6.608667684,0.258239844,3.872369127,papaya
60,58,51,42.07213781,6.840802254,0.254864721,3.92365015,papaya
42,60,47,33.46873719,6.834808348,0.231333807,4.322757726,papaya
35,66,47,31.7018373,6.953439161,0.22095836,4.525739598,papaya
34,65,48,41.41968393,6.665024508,0.288569278,3.465372355,papaya
36,54,46,42.54744013,6.662875839,0.320201766,3.123030874,papaya
39,64,52,28.91842453,6.678695788,0.193022094,5.180754082,papaya
37,52,47,43.08022702,6.54277684,0.324119316,3.085283566,papaya
33,47,46,29.20300896,6.839443833,0.23970642,4.171769779,papaya
34,48,48,41.04224355,6.805277038,0.323401873,3.092128037,papaya
49,54,50,25.62446619,6.762522087,0.174016119,5.746594088,papaya
40,65,49,35.32876402,6.678449318,0.235901065,4.239065219,papaya
68,52,49,24.42561272,6.577192175,0.150447413,6.6468408,papaya
50,46,52,31.18298415,6.734005648,0.217452596,4.598703442,papaya
65,63,50,31.88342554,6.524459342,0.184738346,5.413061355,papaya
40,49,47,42.93368602,6.501521192,0.323041809,3.095574542,papaya
42,53,48,23.11407669,6.758479569,0.168629907,5.93014619,papaya
49,55,51,24.87212063,6.676578778,0.166916907,5.991004843,papaya
59,62,49,43.36051537,6.941496806,0.260944208,3.832236812,papaya
63,58,47,26.83054058,6.864143752,0.16565798,6.03653384,papaya
70,65,52,30.42012134,6.583528529,0.168022039,5.951600186,papaya
63,50,52,28.64555584,6.751747609,0.179670035,5.565758351,papaya
40,64,47,32.50037548,6.893509446,0.221856791,4.507412166,papaya
63,58,50,43.03714283,6.720744449,0.257527151,3.883085709,papaya
45,58,49,30.10773379,6.827812549,0.204656143,4.886244721,papaya
66,69,47,23.69212243,6.912299695,0.135671002,7.370771813,papaya
54,67,52,35.67667332,6.586107335,0.212003892,4.716894536,papaya
69,67,52,27.71948962,6.827305908,0.152763243,6.546077332,papaya
67,68,49,35.26824831,6.821774589,0.197110045,5.073308157,papaya
45,57,47,23.16855863,6.656458831,0.162205091,6.165034592,papaya
56,50,52,33.08706051,6.770384816,0.215740889,4.635189941,papaya
70,50,53,37.4620912,6.933809743,0.222324227,4.497935359,papaya
44,47,45,38.73218907,6.579441304,0.292148449,3.422917367,papaya
50,60,47,32.57720726,6.92791761,0.213867562,4.675790895,papaya
52,51,53,38.38231475,6.985804083,0.252450736,3.96116889,papaya
35,68,45,42.93605359,6.612429546,0.296865227,3.368531944,papaya
68,69,52,25.65492304,6.813383387,0.141031339,7.090622611,papaya
32,55,52,37.58899717,6.9677596,0.277618685,3.602063028,papaya
32,55,51,29.60718808,6.57398033,0.221791218,4.508744797,papaya
48,62,47,25.34756111,6.803094965,0.167818861,5.958805802,papaya
39,69,53,25.9300384,6.964955435,0.167267319,5.978454156,papaya
49,61,45,32.76795887,6.764213299,0.217857799,4.590150106,papaya
48,57,54,29.02328049,6.617703178,0.188825663,5.295890303,papaya
69,66,49,40.00439101,6.52711001,0.222849951,4.487324295,papaya
53,55,55,33.32315744,6.709668804,0.210571518,4.748980343,papaya
38,61,52,31.22790131,6.620729882,0.21342981,4.68538111,papaya
57,64,55,26.68386496,6.583760499,0.157294687,6.357493806,papaya
51,57,55,24.70528368,6.676407337,0.157701127,6.341108779,papaya
56,65,45,38.2016825,6.751298936,0.236154714,4.234512128,papaya
54,66,52,36.56769731,6.867554147,0.218416845,4.578401454,papaya
58,55,47,26.05375792,6.742490027,0.169085987,5.91415065,papaya
68,70,54,31.29986342,6.986228647,0.168228455,5.944297581,papaya
42,59,55,40.10207731,6.979102243,0.263474855,3.795428606,papaya
43,64,47,38.58954491,6.825664782,0.257074967,3.889915894,papaya
35,67,49,41.31330062,6.617066674,0.280220534,3.568617853,papaya
56,59,55,37.03551903,6.551892638,0.223738347,4.469506512,papaya
39,64,53,23.0124018,6.598860305,0.153925653,6.496642914,papaya
18,30,29,26.7627493,6.420018717,0.360555186,2.773500534,coconut
37,23,28,25.61294367,5.740054567,0.302419814,3.306661641,coconut
13,28,33,28.130115,5.686972967,0.393650203,2.540326394,coconut
2,21,35,25.02887163,6.293662363,0.448773649,2.228294827,coconut
10,18,35,27.79797651,6.381975465,0.457110738,2.187653705,coconut
7,11,32,29.25902906,5.542169139,0.605180581,1.652399352,coconut
39,5,31,27.10134661,5.551963184,0.374684621,2.668911246,coconut
34,6,27,25.84726298,5.860740481,0.400705418,2.495598901,coconut
31,30,29,26.58580443,5.558807063,0.306508938,3.262547599,coconut
25,7,35,28.38503882,5.55771171,0.438582669,2.280071856,coconut
16,18,26,28.43647052,5.568365926,0.490607842,2.038287843,coconut
26,10,33,28.27298134,6.07071786,0.424246106,2.357122399,coconut
27,8,32,27.00648436,5.627860549,0.418007229,2.392303123,coconut
37,18,30,27.63551259,6.38488418,0.336888383,2.968342185,coconut
19,15,34,26.29644905,5.685889066,0.401418368,2.49116652,coconut
0,19,33,27.1326009,6.234458417,0.541011556,1.848389354,coconut
31,20,26,25.56567803,6.443168642,0.345008806,2.898476746,coconut
9,17,32,25.94951662,5.842317989,0.464646838,2.152172182,coconut
22,11,29,28.03380598,5.955742971,0.468287193,2.1354417,coconut
31,6,26,29.12859129,5.741367375,0.478231608,2.091037028,coconut
34,6,30,27.0828252,5.948342571,0.401183217,2.492626703,coconut
24,6,32,28.11321494,6.387067562,0.469567983,2.129617087,coconut
1,8,26,27.5136304,5.562911913,0.814675154,1.22748312,coconut
31,13,33,27.63834933,5.85971872,0.371926615,2.68870245,coconut
10,9,28,29.01256899,6.282955073,0.638565298,1.566010561,coconut
36,27,26,26.58413917,6.25449571,0.309934148,3.226491842,coconut
38,24,33,28.28905147,5.973853124,0.308305805,3.24353283,coconut
11,6,25,28.69164799,6.081568052,0.706944,1.4145392,coconut
16,14,30,29.70931288,6.37466756,0.511821881,1.953804705,coconut
33,14,35,27.14865285,6.027707171,0.343276254,2.913105662,coconut
16,6,29,29.28725038,5.868285082,0.593867655,1.683876858,coconut
32,11,31,25.06871967,6.205931638,0.352279996,2.838651109,coconut
38,14,30,26.92449525,5.570745386,0.340542625,2.936489962,coconut
8,6,33,28.27804288,6.095261013,0.622937083,1.605298557,coconut
23,6,33,29.18032562,6.025789594,0.486779445,2.054318458,coconut
29,25,35,28.3575072,5.542873799,0.329859631,3.031592546,coconut
24,14,33,29.38072512,6.366219551,0.427897537,2.337008077,coconut
32,12,30,25.39241091,5.579845008,0.356654201,2.803836309,coconut
30,25,31,26.31270635,5.804965067,0.317589609,3.14871763,coconut
14,21,35,29.52501367,6.121005506,0.436071624,2.293201266,coconut
27,22,29,28.83214859,6.000248647,0.382463443,2.614628972,coconut
40,5,29,28.48444906,5.820978791,0.398438501,2.509797617,coconut
17,11,32,28.74013335,5.620733794,0.495668889,2.017475823,coconut
30,30,35,25.00872392,6.001936419,0.273776041,3.65262057,coconut
28,10,30,29.8690834,6.305740522,0.453957109,2.202851284,coconut
39,7,29,27.54273211,6.362544111,0.380569761,2.627639138,coconut
32,20,35,26.52166434,5.588655387,0.316340969,3.161146031,coconut
7,15,32,25.03512351,6.182232762,0.482131917,2.074121138,coconut
29,17,29,29.20394909,5.959493188,0.402719321,2.483119005,coconut
34,15,34,27.05826457,5.677282678,0.33805138,2.958130208,coconut
14,23,25,26.18552389,5.612122797,0.438476192,2.280625536,coconut
18,19,29,27.59376845,6.206077742,0.433238916,2.308195232,coconut
7,21,35,25.76011662,5.764812076,0.424763756,2.35424983,coconut
24,27,34,28.87862994,6.203376525,0.351513293,2.844842624,coconut
39,29,29,26.50908611,6.143662699,0.283598826,3.526107687,coconut
29,8,28,26.87037587,6.100429497,0.428775013,2.332225453,coconut
10,24,27,27.57283516,5.708409601,0.468407134,2.134894898,coconut
0,29,32,28.05912437,5.868255858,0.476379088,2.099168551,coconut
32,11,31,29.51611558,6.461225827,0.41237994,2.424948215,coconut
37,10,32,28.96318258,6.165084855,0.379280792,2.636569056,coconut
20,29,27,25.09897688,6.047044342,0.343407591,2.911991545,coconut
31,29,35,27.1872282,6.137102505,0.296707665,3.370320747,coconut
17,30,27,29.03065024,5.894027065,0.405819598,2.464149108,coconut
1,12,30,27.754298,5.56222383,0.668704605,1.495428614,coconut
6,13,29,27.31155708,5.832608028,0.589824106,1.695420703,coconut
15,28,32,28.84270971,6.218571874,0.397902796,2.513176609,coconut
27,24,29,26.61423461,6.142010637,0.345177933,2.897056577,coconut
3,23,30,29.70143197,6.078807239,0.548239857,1.824019155,coconut
8,26,26,25.54759871,5.702484758,0.442459979,2.260091418,coconut
20,28,26,26.37978453,5.547594847,0.369997088,2.702723972,coconut
26,18,27,27.45907759,5.836075368,0.400832079,2.494810304,coconut
1,6,35,27.02269204,6.231662767,0.667206953,1.498785339,coconut
27,30,31,28.98545306,5.718120393,0.340743785,2.934756391,coconut
23,7,34,26.1055118,5.852038202,0.423523622,2.361143389,coconut
0,26,31,25.0707247,5.547933273,0.457381135,2.186360397,coconut
38,6,25,25.54963273,6.156259104,0.384777286,2.598906008,coconut
25,12,26,28.56973521,6.436314406,0.469360876,2.130556786,coconut
40,5,32,26.07010807,5.981169595,0.351559845,2.844465925,coconut
0,19,31,25.51791333,6.271952833,0.530358267,1.88551789,coconut
26,9,32,25.9490364,6.470465614,0.402224424,2.486174237,coconut
35,30,34,28.2974764,6.141502001,0.295934105,3.379130634,coconut
19,30,30,29.56549169,5.826381164,0.386904958,2.584614074,coconut
31,13,33,29.69952329,6.342463714,0.398695108,2.50818227,coconut
17,29,26,26.14162144,6.071897347,0.376966964,2.652752348,coconut
2,30,30,26.00175125,6.331051715,0.435512117,2.296147366,coconut
30,13,25,27.15116142,6.413184638,0.413987668,2.41553089,coconut
8,15,33,28.97318719,5.50158009,0.535235486,1.868336512,coconut
18,12,35,26.13958446,6.338720873,0.417532069,2.395025616,coconut
8,28,30,25.51618488,6.015672239,0.401760377,2.489045853,coconut
40,22,29,27.55821802,5.735364307,0.313826572,3.186473327,coconut
27,10,33,27.81132822,6.465906333,0.411590403,2.429599894,coconut
21,20,31,25.60033702,5.855457599,0.369449125,2.706732623,coconut
3,9,35,26.91641934,6.318552973,0.593966369,1.683597005,coconut
22,16,27,29.1797902,6.006784979,0.464304465,2.153759174,coconut
27,8,30,26.44600063,6.008386283,0.422246164,2.368286763,coconut
22,8,33,28.43572863,5.665785202,0.467233788,2.140256176,coconut
28,27,32,28.94099669,5.764615485,0.344149387,2.905714893,coconut
23,21,26,26.45488737,5.901495544,0.392212677,2.549637121,coconut
37,5,34,25.79490531,5.779032666,0.352564544,2.836360089,coconut
19,26,29,26.93141945,5.67154928,0.377451614,2.649346201,coconut
133,47,24,24.40228894,7.231324765,0.124521024,8.030772364,cotton
136,36,20,23.09595631,6.925412377,0.125499772,7.968141938,cotton
104,47,18,23.9656349,7.633437412,0.14772565,6.769305114,cotton
133,47,23,24.88738107,6.827354668,0.127524045,7.84165843,cotton
126,38,23,25.36243778,6.176716425,0.140975603,7.09342594,cotton
126,50,19,24.69457084,6.628722836,0.13176703,7.589151857,cotton
113,41,20,25.0017188,7.256877571,0.149435166,6.691865309,cotton
121,45,22,22.45942937,6.443785385,0.124784199,8.013835163,cotton
121,47,16,23.60564038,7.723240151,0.133726306,7.477960222,cotton
129,60,22,24.58453146,5.947448589,0.121253704,8.247170769,cotton
107,45,25,23.0865933,7.227745516,0.136082448,7.348486264,cotton
122,59,18,23.5000992,6.219469084,0.123116076,8.122416092,cotton
140,38,15,24.1472953,6.021439523,0.130296867,7.674781629,cotton
102,49,21,24.69315538,6.253343655,0.14937881,6.694389905,cotton
111,40,25,24.484692,6.187455799,0.144799386,6.906106615,cotton
131,35,18,24.49112609,7.057693366,0.138538729,7.218198182,cotton
135,43,16,23.47986888,6.720449769,0.126184891,7.924879049,cotton
100,46,18,24.18586246,6.431689506,0.153572332,6.511589598,cotton
123,39,24,25.00755095,7.453106264,0.139825543,7.151769129,cotton
117,56,15,25.99237426,7.368258226,0.143576459,6.964930102,cotton
121,36,24,23.66457347,7.352401887,0.136268362,7.338460575,cotton
101,58,18,25.66891439,6.652143699,0.150671833,6.636940575,cotton
107,42,24,22.04612876,6.144631795,0.133214617,7.506683739,cotton
100,41,22,22.4204752,7.318802162,0.143683897,6.959722149,cotton
125,39,21,25.03149561,7.954629324,0.140710787,7.106775683,cotton
105,60,23,23.53371386,6.207652157,0.130498478,7.662924622,cotton
102,46,19,22.77076388,6.631005298,0.142339903,7.025436828,cotton
131,49,22,25.49848236,7.306918817,0.131180606,7.623078079,cotton
139,35,15,25.248679,5.898293044,0.138881899,7.20036235,cotton
108,36,19,22.78249615,7.238566893,0.145904884,6.853780149,cotton
118,45,23,23.37044424,7.977651226,0.131023894,7.632195711,cotton
107,51,22,24.86560781,5.983075895,0.143697821,6.959047756,cotton
125,60,17,24.14386157,6.785723961,0.124474562,8.03376997,cotton
113,37,20,25.03300222,7.393441155,0.153135307,6.530172685,cotton
131,52,16,23.65724079,6.486068274,0.123905733,8.070651607,cotton
115,48,16,25.54359718,7.175934962,0.148288252,6.743622531,cotton
113,38,25,22.00085141,7.388265888,0.130686656,7.651890657,cotton
111,41,18,23.64328417,6.10539819,0.144960495,6.898431184,cotton
111,53,19,23.96436009,6.419536555,0.136417268,7.330450264,cotton
122,48,16,24.65425757,6.307585854,0.137926116,7.250258539,cotton
108,46,17,24.3017998,6.93221485,0.147963742,6.758412498,cotton
132,41,22,24.29144926,7.810865753,0.12969974,7.710115699,cotton
103,42,17,24.29470232,6.527541661,0.156140138,6.404503123,cotton
133,50,25,25.72180042,7.569454601,0.128470194,7.78390665,cotton
127,37,18,24.87663664,7.041065585,0.142179322,7.033371552,cotton
110,39,25,22.60612115,7.208795456,0.135667363,7.370969542,cotton
131,38,19,23.86814008,6.814341946,0.132277341,7.559873774,cotton
108,38,24,23.41022496,7.442217061,0.143589559,6.964294687,cotton
122,40,17,24.96440768,6.854558957,0.145052557,6.894052898,cotton
111,50,15,25.16820129,7.884550475,0.148682962,6.725720199,cotton
140,40,17,22.72767171,6.006085786,0.120445034,8.302542382,cotton
100,40,20,22.45145981,7.432043735,0.146571624,6.822602998,cotton
123,50,16,23.04920461,6.498052108,0.127244469,7.858887771,cotton
107,36,21,25.29250148,6.205263534,0.160320131,6.237519854,cotton
118,50,19,22.95604064,6.360812227,0.128107169,7.805964383,cotton
103,51,20,22.80213132,7.046607434,0.136793858,7.310269726,cotton
133,57,19,23.54234715,7.947011366,0.117427498,8.515892906,cotton
129,47,20,24.41212325,6.281913858,0.12965369,7.712854139,cotton
116,52,19,22.94276687,6.114525877,0.128036186,7.810291977,cotton
114,40,23,25.53676123,6.753978061,0.149925205,6.669992561,cotton
131,60,17,25.32023717,7.425041316,0.126539602,7.902664351,cotton
107,43,18,22.426733,6.745104394,0.139444839,7.171294435,cotton
123,44,21,25.78544484,7.641116569,0.14247577,7.01873727,cotton
112,49,25,25.68959532,6.470135478,0.143492448,6.969007876,cotton
119,44,15,22.14593688,7.091992365,0.130033353,7.690334633,cotton
130,59,19,25.07278712,6.520403794,0.125349938,7.977666486,cotton
127,53,24,22.21506982,6.127939628,0.113799362,8.787395497,cotton
134,52,18,23.9643129,7.994679507,0.122374083,8.171664921,cotton
109,36,18,25.40059227,7.524707577,0.161966824,6.174103911,cotton
100,48,17,23.7805123,7.827877818,0.150184923,6.658457985,cotton
132,52,19,24.16402322,6.436691764,0.123960706,8.067072512,cotton
102,37,25,25.31468463,5.907930899,0.160455394,6.232261656,cotton
111,39,22,22.60361557,6.135025006,0.137230323,7.287019206,cotton
117,51,15,22.9535715,6.044556594,0.130893833,7.639779312,cotton
136,36,24,22.74446976,7.59781958,0.121145254,8.25455367,cotton
134,56,18,23.80834611,6.691268104,0.119270895,8.384275158,cotton
112,54,15,25.46228792,6.175492306,0.146200486,6.839922555,cotton
105,56,15,25.96779712,7.272316209,0.15322612,6.526302435,cotton
140,45,15,25.5308271,5.801047545,0.132654136,7.53840049,cotton
126,46,25,24.43847399,6.757457943,0.12912931,7.744175224,cotton
106,49,24,23.03887865,6.983395573,0.134295411,7.446270794,cotton
121,53,19,23.51308653,7.976889498,0.127010811,7.873345519,cotton
108,60,17,22.75805656,6.558902588,0.128421927,7.786832207,cotton
116,56,17,24.71252544,7.979090365,0.136045108,7.35050318,cotton
100,52,19,23.45969093,7.903528673,0.143039128,6.991094061,cotton
129,43,16,25.5503704,6.73210948,0.141225374,7.080880499,cotton
118,44,23,22.08458267,6.691690476,0.124781528,8.014006692,cotton
117,43,25,24.68854799,7.839849298,0.138857016,7.201652661,cotton
126,37,21,25.84997269,6.61448588,0.145923765,6.852893376,cotton
120,48,16,22.46054478,7.456971816,0.127502961,7.842955129,cotton
102,45,16,23.65629976,7.2942193,0.151265643,6.610886531,cotton
131,56,20,22.00817088,7.762647875,0.111150584,8.996803835,cotton
114,40,17,24.32630461,6.363406102,0.148107045,6.751873305,cotton
101,37,18,22.92360984,7.63737841,0.153356473,6.520755063,cotton
106,46,20,23.43821725,6.200671976,0.142082658,7.038156599,cotton
113,38,20,22.10718988,6.364729934,0.135129765,7.400294059,cotton
102,53,21,23.03814028,6.913678684,0.136580343,7.32169785,cotton
110,39,18,24.54795322,7.766259769,0.152981756,6.536727172,cotton
107,58,15,23.73868041,7.55606399,0.137437113,7.276055029,cotton
120,60,15,22.31871914,7.288377241,0.119583175,8.362380405,cotton
89,47,38,25.52468965,6.002524871,0.152440745,6.559925952,jute
60,37,39,26.59104992,6.033485257,0.202875367,4.929134643,jute
63,41,45,25.29781791,7.121933579,0.176495422,5.665869332,jute
86,40,39,25.72100868,6.207459637,0.161945507,6.174916597,jute
96,41,40,23.58419277,6.090060478,0.138893744,7.199748296,jute
100,35,36,25.31042337,6.346715209,0.153862125,6.49932529,jute
63,37,43,23.41798979,6.661957897,0.170755173,5.856337939,jute
70,43,40,24.35564134,6.176860192,0.165723146,6.034160128,jute
67,55,44,26.284017,7.251847296,0.164361548,6.084148093,jute
74,40,40,25.13842773,6.386259978,0.16973005,5.891708621,jute
89,53,44,24.88692811,7.319735475,0.139177033,7.185093543,jute
74,46,45,25.75734909,6.025028997,0.162165752,6.166530154,jute
89,41,38,23.12844351,6.344751947,0.143621688,6.962736736,jute
60,55,40,24.9949957,7.02777956,0.16770965,5.962686118,jute
67,43,38,25.21622704,7.299304715,0.177136669,5.645358494,jute
70,38,35,24.39736241,7.014063944,0.177603933,5.630505944,jute
74,49,38,23.31410442,7.488014404,0.151019282,6.621670995,jute
90,40,39,25.72668885,6.626503893,0.158146088,6.323267388,jute
82,35,44,26.96656378,6.239011,0.173705365,5.756874576,jute
73,45,37,23.70467146,6.742688094,0.159384977,6.274117033,jute
85,53,38,24.90075709,6.588017308,0.147163393,6.795168164,jute
81,56,36,23.39605743,7.097586415,0.141017673,7.091309753,jute
84,55,38,26.8748389,6.956682743,0.157484966,6.349812483,jute
80,45,42,23.1426498,7.380396262,0.144566765,6.91721917,jute
76,54,45,24.29496635,6.176618831,0.144542665,6.918372516,jute
76,56,39,24.39459498,6.551130445,0.148506403,6.733716373,jute
81,40,45,25.7629429,6.427726565,0.161222548,6.202606366,jute
76,44,45,25.4879684,6.740947635,0.160533142,6.229243312,jute
69,47,40,25.37122686,6.130136384,0.169046326,5.915538205,jute
82,40,45,26.21312799,6.667633355,0.162952862,6.136744003,jute
69,57,35,24.30748599,6.186814392,0.157189354,6.361753991,jute
81,36,38,23.76554749,6.334837865,0.159777726,6.258694667,jute
67,60,38,24.79853023,7.16214284,0.156354729,6.395713187,jute
72,51,40,23.20683504,7.422318499,0.14850819,6.733635344,jute
65,39,45,23.66805429,6.768001309,0.165557411,6.040200749,jute
78,50,43,25.12417673,6.348441469,0.152772963,6.545660817,jute
77,52,41,23.89069041,6.097294061,0.146415826,6.82986278,jute
89,52,42,23.09433785,6.14132902,0.131663048,7.59514543,jute
62,49,37,24.21744605,7.479248124,0.170388149,5.868952776,jute
90,48,45,24.06475727,6.509174789,0.136965887,7.301088059,jute
66,47,36,24.85441411,6.57256106,0.173519558,5.763039122,jute
80,52,39,26.41915161,7.165696848,0.160345916,6.236516812,jute
89,52,45,24.89326318,7.207457208,0.139211092,7.183335631,jute
77,51,44,23.25583402,7.124333547,0.141022291,7.091077547,jute
94,37,41,24.7634518,6.463538707,0.14978751,6.676124043,jute
75,41,35,24.97042599,6.856833064,0.171989576,5.814305859,jute
60,55,36,26.12797248,7.132389299,0.179655447,5.566210306,jute
62,56,35,25.97825807,6.235357638,0.176328484,5.671233465,jute
84,40,42,26.2830571,6.704273839,0.164355766,6.084362152,jute
100,56,40,26.38905406,7.433313409,0.139740072,7.156143457,jute
75,56,44,25.2746335,6.109478059,0.150140763,6.660416405,jute
78,46,42,23.09499564,7.095413294,0.145150576,6.889397387,jute
82,48,36,25.79351957,6.352076783,0.161406744,6.195527973,jute
100,58,41,23.17403323,6.658769991,0.121477554,8.231973461,jute
88,50,40,25.63215038,7.051822472,0.149618822,6.683651056,jute
67,41,40,25.848795,7.333143205,0.181410777,5.512351672,jute
72,42,43,26.56767277,6.352771037,0.175590272,5.695076306,jute
89,40,43,26.24532085,7.124050134,0.158403028,6.313010625,jute
89,57,43,26.91515043,6.998787171,0.147699209,6.770516981,jute
61,41,44,24.36972377,6.537914958,0.173765231,5.754891197,jute
79,45,43,25.71901283,7.171054239,0.159994089,6.250230915,jute
84,40,43,25.01157559,7.228268228,0.155757938,6.420218545,jute
98,43,35,25.40785911,7.319952206,0.150044654,6.664682634,jute
75,36,44,23.28081,6.613341343,0.156650387,6.383642061,jute
89,58,35,23.98651719,6.096838784,0.137288556,7.283928313,jute
91,41,37,24.48556447,6.132570523,0.150802157,6.6312049,jute
77,48,36,25.86705009,7.36008498,0.166876088,5.992470311,jute
66,58,35,23.5643831,7.321619041,0.154492975,6.472786202,jute
62,59,41,24.2248758,7.175170657,0.15570911,6.422231819,jute
82,35,35,25.49386782,7.299076163,0.174301762,5.737176657,jute
61,41,35,24.97178693,6.842966479,0.189575087,5.274954718,jute
99,57,38,24.80624984,6.356295568,0.133021906,7.517558778,jute
70,42,43,23.16814977,6.508342839,0.155923547,6.413399514,jute
90,59,35,24.25133493,7.098227926,0.137235516,7.286743474,jute
73,43,42,26.58361011,6.310699968,0.174579811,5.7280392,jute
67,46,44,26.82489244,7.093328631,0.177228614,5.642429718,jute
84,37,42,25.49674786,6.691074249,0.162556735,6.151698347,jute
72,41,36,24.09874353,6.187746776,0.168447943,5.936552155,jute
71,56,37,23.18866654,6.491506245,0.147491869,6.780034763,jute
64,53,38,26.24347471,6.855362875,0.175764353,5.689435788,jute
65,54,39,23.75091572,7.124571593,0.156651365,6.383602198,jute
60,58,37,26.13871511,6.067302109,0.175088485,5.711397882,jute
86,39,43,26.14576648,6.432051512,0.161581943,6.18881033,jute
90,50,44,26.91643698,6.253408852,0.151719766,6.591099005,jute
91,38,36,26.5232969,7.287318723,0.16680786,5.994921342,jute
87,48,38,23.81579631,7.161865733,0.143443909,6.971366054,jute
72,41,36,26.50838667,6.065898283,0.184620045,5.41652994,jute
71,54,35,26.63952463,7.311077075,0.172747029,5.788811571,jute
82,46,41,23.3250131,6.581693772,0.143934989,6.947581048,jute
71,52,43,26.47549543,6.732826127,0.165515033,6.041747288,jute
80,43,43,23.78756036,6.014572075,0.149322653,6.696907545,jute
77,55,43,25.49941707,6.663559451,0.15142524,6.603918854,jute
95,57,41,23.24925555,6.434610995,0.125643811,7.95900722,jute
63,47,35,26.98582182,7.432768147,0.193005668,5.181194997,jute
93,43,38,23.61475336,6.987332927,0.1414641,7.068931281,jute
87,44,43,23.87484465,6.718725189,0.142958877,6.99501856,jute
88,52,39,23.92887902,6.880204617,0.139267481,7.180427161,jute
90,39,37,24.81441246,6.86106911,0.155508509,6.430516296,jute
90,39,43,24.44743944,6.7693455,0.147950229,6.759029741,jute
84,38,43,26.57421679,7.26158085,0.167116465,5.983850829,jute
91,21,26,26.33377983,7.261313694,0.198070868,5.048698016,coffee
107,21,26,26.45288458,7.235070264,0.178265484,5.609610879,coffee
83,38,35,25.70822684,7.18915558,0.171206582,5.840896924,coffee
108,24,31,24.12832546,6.431899748,0.154161506,6.486703631,coffee
116,28,34,23.44372334,6.42321105,0.137324288,7.282033,coffee
116,23,25,23.4123707,6.869720196,0.148855919,6.717905525,coffee
109,31,27,23.05951896,6.973839707,0.144068976,6.941119657,coffee
89,25,34,23.07895447,7.184801627,0.162695638,6.146446275,coffee
118,18,32,27.6496114,6.351823783,0.170533401,5.863953882,coffee
111,32,34,25.46743689,6.392048018,0.149533542,6.687462815,coffee
84,36,28,26.7350622,6.119892347,0.187399069,5.336205808,coffee
85,33,25,26.20811417,6.910823945,0.190266533,5.255785061,coffee
99,15,27,27.0424167,6.501157208,0.198882388,5.028097311,coffee
81,30,31,24.65090184,7.027585559,0.180640154,5.53586774,coffee
95,39,29,27.35152643,7.13411409,0.173935745,5.74924953,coffee
81,34,30,25.17787724,6.647765997,0.180537084,5.539028191,coffee
80,15,28,23.11438731,6.703270635,0.196051929,5.100689411,coffee
104,20,26,27.22783677,7.493191968,0.188185578,5.313903478,coffee
109,29,28,23.26316991,6.724688503,0.146163674,6.841645202,coffee
100,32,26,25.234661,6.043485685,0.166042158,6.022566863,coffee
100,24,28,25.59535262,7.101661011,0.174969425,5.715284252,coffee
83,21,28,25.5674832,7.466900683,0.201268812,4.968479664,coffee
120,23,28,25.67324193,6.877799264,0.155983871,6.410919244,coffee
104,26,30,24.40726724,6.410992833,0.15879542,6.297410835,coffee
108,33,31,23.69287069,7.393825704,0.143563202,6.965573268,coffee
91,25,26,24.53460016,7.482414225,0.179821128,5.561081791,coffee
86,26,27,27.13140403,6.081172981,0.202384202,4.94109714,coffee
98,18,27,27.56088634,6.516312148,0.199726478,5.006847417,coffee
111,27,31,23.59302313,6.043330951,0.145520847,6.871867647,coffee
84,39,35,23.17714381,6.959404135,0.153019898,6.535097828,coffee
98,27,27,24.71384065,7.238109556,0.169170004,5.911213423,coffee
118,21,34,24.38534644,7.234258375,0.146736107,6.81495525,coffee
103,27,31,27.15998538,6.691541233,0.174906741,5.717332514,coffee
82,24,33,26.53543168,6.809593554,0.198096631,5.048041433,coffee
86,31,35,27.01207284,6.485761419,0.184289953,5.426231785,coffee
88,35,35,27.55906475,6.784460602,0.180753574,5.532394054,coffee
84,27,29,23.32293161,7.167092586,0.173735226,5.755885115,coffee
120,40,33,24.23850608,6.73410539,0.130769462,7.647045328,coffee
106,40,30,23.42611644,6.779984384,0.138784753,7.205402481,coffee
113,21,33,26.02241444,7.277422738,0.161810865,6.180054723,coffee
117,34,25,24.83846178,7.21270048,0.146809442,6.811550993,coffee
80,30,25,26.24092174,7.487266991,0.201784605,4.955779444,coffee
88,21,27,24.43011925,7.231166546,0.186986171,5.347989078,coffee
113,33,34,26.00373964,6.559817161,0.150020776,6.665743427,coffee
87,23,28,26.22367404,6.979590627,0.197273,5.069117409,coffee
113,15,29,27.09617155,6.779230041,0.178956507,5.587949935,coffee
98,29,30,25.64004392,6.217974349,0.169681808,5.893383677,coffee
97,29,27,27.74576987,7.205078785,0.187880849,5.32252226,coffee
85,35,32,26.24928198,6.854011265,0.179271592,5.578128631,coffee
82,29,35,26.67377159,6.246872394,0.189546381,5.275753597,coffee
103,33,25,27.10210397,6.911066044,0.17454723,5.729108403,coffee
112,17,28,27.62975458,6.777417989,0.182355125,5.483805303,coffee
99,19,33,27.5364547,6.273741983,0.188983144,5.291477221,coffee
120,20,34,23.56960509,6.906124587,0.141204627,7.081920908,coffee
114,27,28,24.99451759,7.162802357,0.153813714,6.501370892,coffee
100,40,35,27.56441788,6.955787351,0.163225245,6.126503286,coffee
108,35,25,23.98143338,6.971963169,0.148699008,6.724994417,coffee
115,31,30,24.22984659,6.840927967,0.143351401,6.97586485,coffee
87,28,30,25.60153969,6.536676653,0.183458894,5.45081231,coffee
82,24,26,24.31274458,6.089443603,0.191763217,5.214764428,coffee
94,26,27,26.36629861,7.456460375,0.186165297,5.371570416,coffee
87,28,35,26.5602777,6.759211911,0.183735185,5.442615696,coffee
118,40,35,26.35034208,7.460174812,0.141711617,7.0565845,coffee
87,38,29,25.20406808,6.652642579,0.170156286,5.87695008,coffee
92,40,30,23.35723208,6.026287448,0.150353284,6.65100203,coffee
97,22,26,23.60567546,6.074190142,0.169694314,5.892949382,coffee
99,40,32,24.18471151,7.045543056,0.147279015,6.789833583,coffee
89,28,33,26.44414097,6.993236001,0.18296094,5.465647482,coffee
112,39,29,26.12492233,6.726528895,0.150694013,6.635963702,coffee
111,28,26,27.77363343,6.937352845,0.174385657,5.734416559,coffee
114,20,26,25.55656667,7.27905689,0.165978542,6.024875203,coffee
117,26,30,27.92374437,7.079850922,0.167189274,5.981244952,coffee
111,29,31,26.05968403,6.136286518,0.158243766,6.319364255,coffee
119,30,28,26.35770906,6.505203696,0.154563328,6.469839986,coffee
116,40,33,24.91370487,7.042089492,0.13710955,7.293438007,coffee
95,37,35,27.31317116,6.348337519,0.169539947,5.898314924,coffee
86,40,33,26.1387869,7.432322234,0.170684194,5.858773297,coffee
117,37,32,23.1069385,6.787658922,0.129607196,7.715620961,coffee
105,18,35,23.52648086,6.743417121,0.155230892,6.442016729,coffee
109,23,25,25.11711046,7.00733163,0.166351022,6.011384768,coffee
80,18,31,24.02952505,7.303033217,0.194027326,5.153913218,coffee
101,31,26,26.70897548,6.861235184,0.175373263,5.702123491,coffee
103,33,33,26.71717393,7.131435858,0.164006946,6.09730272,coffee
93,26,27,24.59245684,7.288211994,0.1752908,5.704805948,coffee
104,35,28,27.51006055,6.983732393,0.170718925,5.857581386,coffee
116,36,25,27.57847581,6.172090205,0.161460315,6.193472359,coffee
107,38,29,26.65069302,6.35118177,0.158912029,6.292789836,coffee
101,33,33,26.97251562,6.908671379,0.167500094,5.97014592,coffee
107,31,31,23.17124551,6.766184468,0.143025121,6.99177872,coffee
99,16,30,23.52652084,6.392791654,0.16914842,5.911967741,coffee
103,40,30,27.30901814,6.348316257,0.163635943,6.11112682,coffee
118,31,34,27.54823036,6.123796057,0.156001259,6.410204685,coffee
106,21,35,25.627355,7.428523634,0.164366389,6.083968911,coffee
116,38,34,23.29250318,6.020947179,0.129215442,7.739013086,coffee
97,35,26,24.91461008,6.334610249,0.164016519,6.096946839,coffee
107,34,32,26.77463708,6.78006386,0.160547035,6.228704249,coffee
99,15,27,27.41711238,6.086922359,0.201539804,4.961799007,coffee
118,33,30,24.13179691,6.362607851,0.138849707,7.202031779,coffee
117,32,34,26.2724184,6.758792552,0.149029609,6.710075994,coffee
104,18,30,23.60301571,6.779832611,0.161861945,6.178104416,coffee
